job_id,title,company_name,raw_jd_text,skills_required,skills_preferred,min_years_experience,max_years_experience,seniority_level,location_city,location_country,work_mode,employment_type,degree_required,degree_preferred_field,industry,salary_min,salary_max,salary_currency,date_posted,is_active,human_skills_required,human_skills_good_to_have,human_notes,annotated
AIOC-S01625836,Supply Chain Plan&Analyt Associate,Accenture,"Skill required: Plan - Supply Chain Supply Planning Designation: Supply Chain Plan&Analyt Associate Qualifications: Any Graduation Years of Experience: 1 to 3 years About Accenture Accenture is a global professional services company with leading capabilities in digital, cloud and security.Combining unmatched experience and specialized skills across more than 40 industries, we offer Strategy and Consulting, Technology and Operations services, and Accenture Song— all powered by the world’s largest network of Advanced Technology and  Intelligent Operations centers. Our 784,000 people deliver on the promise of technology and human ingenuity every day, serving clients in more than 120 countries.  We embrace the power of change to create value and shared success for our clients, people, shareholders, partners and  communities.Visit us at www.accenture.com What would you do? Accenture is seeking a Supply Chain Operations Associate to support various supply chain operations planning services for our customers.  In this capacity, you will be based out of one of our delivery centers and will have frequent interaction with team members and customers in the execution of projects. These projects will help customers achieve significant value in the form of improved visibility, quality, delivery, and sales performance. 
Job Responsibilities:
•	Developing and maintaining feasible Master Supply Plans (MPS) that align with demand forecasts and production capacity, identifying and resolving potential gaps and risks. 
•	Managing inventory levels across the supply chain, optimizing for both availability and cost-effectiveness, and ensuring target inventory days of supply (DOS) are met. 
•	Working closely with Demand Planning, Brand Management, Sales, Finance, and other teams to ensure alignment and effective execution of supply plans
•	Utilizing scenario planning to proactively address potential issues and optimize supply chain performance, especially in the face of changing market conditions or unexpected events. 

•	Tracking key performance indicators (KPIs) such as fill rates, inventory levels, and cost metrics, and taking corrective actions to improve performance. 
•	Maintaining accurate master and transactional data within planning systems, and contributing to the development of planning strategies and parameters. 
•	Identifying and implementing process improvements to enhance supply chain agility, efficiency, and responsiveness. 
•	Identifying and mitigating potential supply chain risks, including material shortages, production delays, and other disruptions. What are we looking for? Basic Qualifications:

•	A Bachelor’s Degree or Equivalent
Preferred Qualifications: 
•	Supply Chain Experience
•	Industry Experience- FMCG/Beauty industry preferred
•	Basic knowledge of ERPs like: SAP; Analytical/Business Intelligence tools like Power BI, Tableau, QlikView and Planning Tools like: O9, SAP APO, Kinaxis. 
•	Knowledge of inventory management principles and practices.
•	Strong quantitative and analytical skills including Power BI
•	Exceptional multi-tasking skills
•	Attention to detail & high levels of accuracy
•	Proficiency with Excel 
•	Proficiency in supply chain planning systems and tools (e.g., o9)
•	Excellent communication, organization/time management and problem-solving skills Roles and Responsibilities: •In this role you are required to solve routine problems, largely through precedent and referral to general guidelines
• Your expected interactions are within your own team and direct supervisor
• You will be provided detailed to moderate level of instruction on daily work tasks and detailed instruction on new assignments
• The decisions that you make would impact your own work
• You will be an individual contributor as a part of a team, with a predetermined, focused scope of work
• Please note that this role may require you to work in rotational shifts Any Graduation About Accenture Accenture is a leading global professional services company that helps the world’s leading businesses, governments and other organizations build their digital core, optimize their operations, accelerate revenue growth and enhance citizen services—creating tangible value at speed and scale. We are a talent- and innovation-led company with approximately 791,000 people serving clients in more than 120 countries. Technology is at the core of change today, and we are one of the world’s leaders in helping drive that change, with strong ecosystem relationships. We combine our strength in technology and leadership in cloud, data and AI with unmatched industry experience, functional expertise and global delivery capability. Our broad range of services, solutions and assets across Strategy & Consulting, Technology, Operations, Industry X and Song, together with our culture of shared success and commitment to creating 360° value, enable us to help our clients reinvent and build trusted, lasting relationships. We measure our success by the 360° value we create for our clients, each other, our shareholders, partners and communities. Visit us at www.accenture.com Equal Employment Opportunity Statement We believe that no one should be discriminated against because of their differences. All employment decisions shall be made without regard to age, race, creed, color, religion, sex, national origin, ancestry, disability status, military veteran status, sexual orientation, gender identity or expression, genetic information, marital status, citizenship status or any other basis as protected by applicable law. Our rich diversity makes us more innovative, more competitive, and more creative, which helps us better serve our clients and our communities.","['tableau', 'power bi']","['excel', 'sap', 'cloud']",1.0,3.0,lead,India,India,onsite,full-time,Masters,Electrical / Electronics,Consulting & IT Services,,,INR,Posted Today,True,,,,False
R00202041,Topic Advisory Associate Manager (L8) – CFO & EV,Accenture,"Job Title - Topic Advisory Associate Manager (L8) – CFO & EV Management Level: 7-Manager Location: Bengaluru, BDC10A Must-have skills: Sales and Business Development Good to have skills: Ability to leverage design thinking, business process optimization, and stakeholder management skills. Job Summary: This role involves driving strategic initiatives, managing business transformations, and leveraging industry expertise to create value-driven solutions. Roles & Responsibilities: Provide strategic advisory services, conduct market research, and develop data-driven recommendations to enhance business performance. The work: You prepare and elevate materials (e.g. Proposals, Stage 0, Analysis, Research, etc.) for finance transformation related sales pursuits including provisioning content from previous deals and the asset repository. You update and maintain the team’s inventory of assets, uploading all submissions to necessary platforms. You coordinate with other pursuit services team members (like graphics or editorial) to ensure content is consistent across the deck and complies with Accenture brand standards. You may be asked to attend conferences to promote Accenture's services in <Topic Area> Professional & Technical Skills: - Relevant experience in the required domain. - Strong analytical, problem-solving, and communication skills. - Ability to work in a fast-paced, dynamic environment. English language fluency (oral and written) Must support/mirror working hours for the supported Market Unit or other business area Must be flexible with working hours to meet shifting business needs Must have good internet connectivity and distraction-free environment for working at home, in accordance with local guidelines Bonus points if you have: Experience in Sales and Business Development Experience in finance function or finance transformation topics like platform transformation, enterprise performance management, risk and compliance. Additional Information: - Opportunity to work on innovative projects. - Career growth and leadership exposure. About Our Company | Accenture Experience: 12-14Years Educational Qualification: Bachelor's Degree About Accenture We work with one shared purpose: to deliver on the promise of technology and human ingenuity. Every day, more than 775,000 of us help our stakeholders continuously reinvent. Together, we drive positive change and deliver value to our clients, partners, shareholders, communities, and each other.We believe that delivering value requires innovation, and innovation thrives in an inclusive and diverse environment. We actively foster a workplace free from bias, where everyone feels a sense of belonging and is respected and empowered to do their best work.At Accenture, we see well-being holistically, supporting our people’s physical, mental, and financial health. We also provide opportunities to keep skills relevant through certifications, learning, and diverse work experiences. We’re proud to be consistently recognized as one of the World’s Best Workplaces™.Join Accenture to work at the heart of change. Visit us at www.accenture.com Equal Employment Opportunity Statement All employment decisions shall be made without regard to age, race, creed, color, religion, sex, national origin, ancestry, disability status, veteran status, sexual orientation, gender identity or expression, genetic information, marital status, citizenship status or any other basis as protected by federal, state, or local law. Job candidates will not be obligated to disclose sealed or expunged records of conviction or arrest as part of the hiring process. Accenture is committed to providing veteran employment opportunities to our service men and women.",[],[],12.0,14.0,junior,India,India,onsite,internship,Bachelors,Electrical / Electronics,Consulting & IT Services,,,INR,Posted 30+ Days Ago,True,,,,False
AIOC-S01626617,Digital Content Management Associate,Accenture,"Skill required: Marketing Operations - Content management Designation: Digital Content Management Associate Qualifications: Any Graduation Years of Experience: 1 to 3 years About Accenture Accenture is a global professional services company with leading capabilities in digital, cloud and security.Combining unmatched experience and specialized skills across more than 40 industries, we offer Strategy and Consulting, Technology and Operations services, and Accenture Song— all powered by the world’s largest network of Advanced Technology and  Intelligent Operations centers. Our 784,000 people deliver on the promise of technology and human ingenuity every day, serving clients in more than 120 countries.  We embrace the power of change to create value and shared success for our clients, people, shareholders, partners and  communities.Visit us at www.accenture.com What would you do? The role is responsible for back-end designing, coding and modifying components, from layout to function and according to a client  s specifications . Strive to create visually appealing sites that feature user-friendly design and clear navigation using Drupal CMS tool. What are we looking for? QUALIFICATIONS REQUIRED:

•	Any Graduates 

•	2-4 years relevant professional experience
•	Hands-on experience working with Drupal CMS is essential
•	Flexible working in shifts - Mandatory
•	Excellent written and verbal English skills Roles and Responsibilities: •	Build websites and applications using Drupal content management system
•	Design and build components, templates, dialogs, and workflows using Drupal CMS
•	Diagnose and solve technical problems related to content management such as search result accuracy, dynamic content linking, formatting, image scaling, internationalization, and personalization
•	Work in an agile, rapid development and prototyping environment
•	Translate business requirements into Drupal CMS specific implementation specifications
•	Design and improve internal development methodologies
•	Candidate must have a strong understanding of UI, cross-browser compatibility, general web functions and standards
•	The position requires constant communication with colleagues

[A] HTML (HTML 4.01, XHTML, HTML5)
•	Develop complex website architecture and structure from scratch
•	Create advanced XHTML static and dynamic, structures and templates
•	HTML 4.0, XHTML and HTML5 understanding of semantic web and best practices
•	Integrate XHTML pages and modules with a server-side structures

[B] CSS (CSS1, CSS2, CSS3 cross browsing, pixel perfect concept, validation)
•	Develop CSS3style sheets, for a specific page and for an entire site equally
•	Strong knowledge in best practices
•	Knowledge in how to create CSS3 based themes
•	Knowledge in concepts like pixel perfect, cross-browsing 
•	Strong Knowledge in mobile and tables layouts

[C] JS (DOM, CORE, JSON, AJAX, Jquery) - Optional
•	Create or customize JS modules into websites
•	Advance knowledge in JS libraries, components, best practices and standards
•	Knowledge in JS optimization Any Graduation About Accenture Accenture is a leading global professional services company that helps the world’s leading businesses, governments and other organizations build their digital core, optimize their operations, accelerate revenue growth and enhance citizen services—creating tangible value at speed and scale. We are a talent- and innovation-led company with approximately 791,000 people serving clients in more than 120 countries. Technology is at the core of change today, and we are one of the world’s leaders in helping drive that change, with strong ecosystem relationships. We combine our strength in technology and leadership in cloud, data and AI with unmatched industry experience, functional expertise and global delivery capability. Our broad range of services, solutions and assets across Strategy & Consulting, Technology, Operations, Industry X and Song, together with our culture of shared success and commitment to creating 360° value, enable us to help our clients reinvent and build trusted, lasting relationships. We measure our success by the 360° value we create for our clients, each other, our shareholders, partners and communities. Visit us at www.accenture.com Equal Employment Opportunity Statement We believe that no one should be discriminated against because of their differences. All employment decisions shall be made without regard to age, race, creed, color, religion, sex, national origin, ancestry, disability status, military veteran status, sexual orientation, gender identity or expression, genetic information, marital status, citizenship status or any other basis as protected by applicable law. Our rich diversity makes us more innovative, more competitive, and more creative, which helps us better serve our clients and our communities.",['agile'],['cloud'],1.0,4.0,junior,India,India,onsite,internship,,Business / Management,Consulting & IT Services,,,INR,Posted Today,True,,,,False
AIOC-S01626873,Delivery Operations Associate Manager,Accenture,"Skill required: Financial Planning & Analysis - Financial Planning and Analysis (FP&A) Designation: Delivery Operations Associate Manager Qualifications: Any Graduation Years of Experience: 10 to 14 years About Accenture Accenture is a global professional services company with leading capabilities in digital, cloud and security.Combining unmatched experience and specialized skills across more than 40 industries, we offer Strategy and Consulting, Technology and Operations services, and Accenture Song— all powered by the world’s largest network of Advanced Technology and  Intelligent Operations centers. Our 784,000 people deliver on the promise of technology and human ingenuity every day, serving clients in more than 120 countries.  We embrace the power of change to create value and shared success for our clients, people, shareholders, partners and  communities.Visit us at www.accenture.com What would you do? You will be aligned with our Finance Operations vertical and help us in determining financial outcomes by getting involved and leading team providing planning, forecasting, collecting operational data/reports, conducting analysis and reconciling transaction, preparation of standard & Adhoc management reports for region, brands, country, product, Service type etc., providing standardized/adhoc and insightful level of analyses What are we looking for? Ideal Candidate should have strong experience in the following areas:
•	Experienced in leading & supporting mid sized teams delivering FP&A activities including strategic plan, budget & regular forecast exercise, Financial planning, reporting, variance analysis, preparation & complete analysis of P&L (including gross margin, net margin & SG&A analysis)
•	Strong experience in working on key planning & forecasting tools (including but not limited to Onestream & Anaplan)
•	Experience of working on SAP ERP platform 
•	Experienced in working on key analytics applications such as Power BI/Power query including creation of dashboards will be preferred

•	Strong hands on experience in MS Excel
•	Strong stakeholder management skills
•	Strong analytical and story telling skills
•	Must be a Commerce graduate (CA/CMA/CFA/MBA Finance preferred)
•	Experienced in participating and driving transformation and improvement initiatives for FP&A area (including COE creation, Report standardization, AI/ML commentary generation etc.)
•	Strong people management skills 
•	Comfortable to work in Flexi / Night Shifts Roles and Responsibilities: •	Support Strategic plan, budget & regular forecast exercises
•	Responsible for Financial planning, reporting, variance analysis, budgeting and forecasting, preparation & analysis of P&L (including gross margin & net margin analysis), forecast accuracy & SG&A expense analysis.
•	Planning, Creating and managing reporting data and report out from various database systems
•	Provide professional expertise and direction to other team members and act as the focal point for business units and Technology by participating in key project initiatives.
•	As required, manage client communication, respond to queries, investigate irregularities and anomalies and provide technical support for daily tasks.
•	Preparation of Working Capital & Cost of Sales reports is to support the business.
•	Partners with client stakeholders to understand their strategic goals, operational context and activities to explain results with strategic business insights and facts
•	Use a diverse range of applications (including but not limited to (Onestream, Anaplan, SAP, Power BI & MS Excel) and understand the business and technical functionality of each application and its relevance to the business community.
•	Provide support to all business units across the region/brands, including product understanding, validation, problem/query resolution and coordination of communications.
•	Uses storytelling principles to convey impactful messages
•	Responsible to maintain services in line with Service expectations agreed with the business.
•	Development, Objectives and Performance management of the team and individuals in line with policy and performance framework
•	Ensure one on one feedback is held with all team members
•	Reduction of single points of failure and dependency on key individuals Any Graduation About Accenture Accenture is a leading global professional services company that helps the world’s leading businesses, governments and other organizations build their digital core, optimize their operations, accelerate revenue growth and enhance citizen services—creating tangible value at speed and scale. We are a talent- and innovation-led company with approximately 791,000 people serving clients in more than 120 countries. Technology is at the core of change today, and we are one of the world’s leaders in helping drive that change, with strong ecosystem relationships. We combine our strength in technology and leadership in cloud, data and AI with unmatched industry experience, functional expertise and global delivery capability. Our broad range of services, solutions and assets across Strategy & Consulting, Technology, Operations, Industry X and Song, together with our culture of shared success and commitment to creating 360° value, enable us to help our clients reinvent and build trusted, lasting relationships. We measure our success by the 360° value we create for our clients, each other, our shareholders, partners and communities. Visit us at www.accenture.com Equal Employment Opportunity Statement We believe that no one should be discriminated against because of their differences. All employment decisions shall be made without regard to age, race, creed, color, religion, sex, national origin, ancestry, disability status, military veteran status, sexual orientation, gender identity or expression, genetic information, marital status, citizenship status or any other basis as protected by applicable law. Our rich diversity makes us more innovative, more competitive, and more creative, which helps us better serve our clients and our communities.","['power bi', 'excel']","['sap', 'cloud', 'erp']",10.0,14.0,lead,India,India,onsite,full-time,Masters,Finance / Commerce,Consulting & IT Services,,,INR,Posted Today,True,,,,False
AIOC-S01628156,Sales Prog & Incentive Mgmt Sr Analyst,Accenture,"Skill required: Master Data Management - Master Data Management (MDM) Designation: Sales Prog & Incentive Mgmt Sr Analyst Qualifications: Any Graduation Years of Experience: 5 to 8 years About Accenture Accenture is a global professional services company with leading capabilities in digital, cloud and security.Combining unmatched experience and specialized skills across more than 40 industries, we offer Strategy and Consulting, Technology and Operations services, and Accenture Song— all powered by the world’s largest network of Advanced Technology and  Intelligent Operations centers. Our 784,000 people deliver on the promise of technology and human ingenuity every day, serving clients in more than 120 countries.  We embrace the power of change to create value and shared success for our clients, people, shareholders, partners and  communities.Visit us at www.accenture.com What would you do? You will manage the end-to-end lifecycle of Master Data across Customer, Pricing, Material, Local Sets, and EDI domains. Key duties include:
•	Data Lifecycle Management: Create, update, and validate records for new customers, intercompany partners, plants, DCs, and employees.
•	Pricing Maintenance: Manage Suggested Retail Price (SRP), Recommended Retail Price (RRP), and discount maintenance.
•	Operational Execution: Process ""door"" openings/closings, manage salon business master data (including credit card updates), and maintain product catalogues.
•	Material Administration: Maintain Material Master Data, manage retailer new line forms, and coordinate customer assortments at affiliate and retailer levels.
•	Compliance & Audit: Run SOX change reports, perform sample audits, and ensure all requests meet mandatory approval requirements before processing.
•	Compliance-Driven Professionals: Individuals who will strictly adhere to Standard Operating Procedures (SOPs) and refuse to process requests that lack mandatory approvals.
•	Detail-Oriented Analysts: Capability to validate specific data element entries for completeness and accuracy.Efficiency Mindset: Ability to monitor end-to-end processes, such as NDO Cycle Times, to ensure timely shipmentsCustomer Master: Handling complex onboarding, intercompany records, and door closure processes.Pricing Dynamics: Experience with discount margin validation, calculating wholesale vs. RRP, and performing order form comparisons.Supply Chain & Logistics: Managing plant/warehouse structures, intercompany stock movements, and material assortments.Salon/Specialized Retail: Experience with specific niche requirements like Aveda classification levels or salon business legal documents.
Architect master data solutions across platforms to consolidate content, synchronize data, provide centralized maintenance of unified data, enable rich product content management and print publishing as well as to synchronize global data ensuring consistency and control of master data elements. What are we looking for? •	Stakeholder Engagement: Attend business stakeholder meetings to understand needs impacting services.
•	Inter-Departmental Coordination: Act as a liaison between requestors, Master Data teams, IT, and Finance for approvals and troubleshooting.
•	Reporting: Execute and distribute key business reports on an ad-hoc or scheduled basis to support business functions.
________________________________________


Transformation / Ops Improvement Experience
•	Data Quality (DQ) Management: Generate and review weekly/monthly DQ reports to ensure accuracy and timeliness of data attributes.
•	Process Enrichment: Enrich local sets by coordinating with internal departments and synchronizing data with global standards.
•	System Innovation: Support and drive new EDI initiatives, such as message standard changes, in collaboration with IT.
________________________________________

•	ERP Systems: Expertise in SAP (Material Master, Customer Master, and Pricing) and various legacy systems.
•	Data Entry & Management: Proficiency in using standard templates, margin calculators, and EDI mailbox management.
•	Product Catalogues: Maintenance of digital customer product catalogues. Roles and Responsibilities: •In this role you are required to do analysis and solving of increasingly complex problems
• Your day to day interactions are with peers within Accenture
• You are likely to have some interaction with clients and/or Accenture management
• You will be given minimal instruction on daily work/tasks and a moderate level of instruction on new assignments
• Decisions that are made by you impact your own work and may impact the work of others
• In this role you would be an individual contributor and/or oversee a small work effort and/or team
• Please note that this role may require you to work in rotational shifts Any Graduation About Accenture Accenture is a leading global professional services company that helps the world’s leading businesses, governments and other organizations build their digital core, optimize their operations, accelerate revenue growth and enhance citizen services—creating tangible value at speed and scale. We are a talent- and innovation-led company with approximately 791,000 people serving clients in more than 120 countries. Technology is at the core of change today, and we are one of the world’s leaders in helping drive that change, with strong ecosystem relationships. We combine our strength in technology and leadership in cloud, data and AI with unmatched industry experience, functional expertise and global delivery capability. Our broad range of services, solutions and assets across Strategy & Consulting, Technology, Operations, Industry X and Song, together with our culture of shared success and commitment to creating 360° value, enable us to help our clients reinvent and build trusted, lasting relationships. We measure our success by the 360° value we create for our clients, each other, our shareholders, partners and communities. Visit us at www.accenture.com Equal Employment Opportunity Statement We believe that no one should be discriminated against because of their differences. All employment decisions shall be made without regard to age, race, creed, color, religion, sex, national origin, ancestry, disability status, military veteran status, sexual orientation, gender identity or expression, genetic information, marital status, citizenship status or any other basis as protected by applicable law. Our rich diversity makes us more innovative, more competitive, and more creative, which helps us better serve our clients and our communities.",['sap'],"['cloud', 'erp']",5.0,8.0,junior,India,India,onsite,internship,Masters,Finance / Commerce,Consulting & IT Services,,,INR,Posted Today,True,,,,False
AIOC-S01625806,Supply Chain Plan&Analyt Associate,Accenture,"Skill required: Plan - Supply Chain Supply Planning Designation: Supply Chain Plan&Analyt Associate Qualifications: Any Graduation Years of Experience: 1 to 3 years About Accenture Accenture is a global professional services company with leading capabilities in digital, cloud and security.Combining unmatched experience and specialized skills across more than 40 industries, we offer Strategy and Consulting, Technology and Operations services, and Accenture Song— all powered by the world’s largest network of Advanced Technology and  Intelligent Operations centers. Our 784,000 people deliver on the promise of technology and human ingenuity every day, serving clients in more than 120 countries.  We embrace the power of change to create value and shared success for our clients, people, shareholders, partners and  communities.Visit us at www.accenture.com What would you do? Accenture is seeking a Supply Chain Operations Associate to support various supply chain operations planning services for our customers.  In this capacity, you will be based out of one of our delivery centers and will have frequent interaction with team members and customers in the execution of projects. These projects will help customers achieve significant value in the form of improved visibility, quality, delivery, and sales performance. 
Job Responsibilities:
•	Developing and maintaining feasible Master Supply Plans (MPS) that align with demand forecasts and production capacity, identifying and resolving potential gaps and risks. 
•	Managing inventory levels across the supply chain, optimizing for both availability and cost-effectiveness, and ensuring target inventory days of supply (DOS) are met. 
•	Working closely with Demand Planning, Brand Management, Sales, Finance, and other teams to ensure alignment and effective execution of supply plans
•	Utilizing scenario planning to proactively address potential issues and optimize supply chain performance, especially in the face of changing market conditions or unexpected events.

•	Tracking key performance indicators (KPIs) such as fill rates, inventory levels, and cost metrics, and taking corrective actions to improve performance. 
•	Maintaining accurate master and transactional data within planning systems, and contributing to the development of planning strategies and parameters. 
•	Identifying and implementing process improvements to enhance supply chain agility, efficiency, and responsiveness. 
•	Identifying and mitigating potential supply chain risks, including material shortages, production delays, and other disruptions. What are we looking for? Basic Qualifications:

•	A Bachelor’s Degree or Equivalent
Preferred Qualifications: 
•	Supply Chain Experience
•	Industry Experience- FMCG/Beauty industry preferred
•	Basic knowledge of ERPs like: SAP; Analytical/Business Intelligence tools like Power BI, Tableau, QlikView and Planning Tools like: O9, SAP APO, Kinaxis. 
•	Knowledge of inventory management principles and practices.
•	Strong quantitative and analytical skills including Power BI
•	Exceptional multi-tasking skills
•	Attention to detail & high levels of accuracy
•	Proficiency with Excel 
•	Proficiency in supply chain planning systems and tools (e.g., o9)
•	Excellent communication, organization/time management and problem-solving skills Roles and Responsibilities: •In this role you are required to solve routine problems, largely through precedent and referral to general guidelines
• Your expected interactions are within your own team and direct supervisor
• You will be provided detailed to moderate level of instruction on daily work tasks and detailed instruction on new assignments
• The decisions that you make would impact your own work
• You will be an individual contributor as a part of a team, with a predetermined, focused scope of work
• Please note that this role may require you to work in rotational shifts Any Graduation About Accenture Accenture is a leading global professional services company that helps the world’s leading businesses, governments and other organizations build their digital core, optimize their operations, accelerate revenue growth and enhance citizen services—creating tangible value at speed and scale. We are a talent- and innovation-led company with approximately 791,000 people serving clients in more than 120 countries. Technology is at the core of change today, and we are one of the world’s leaders in helping drive that change, with strong ecosystem relationships. We combine our strength in technology and leadership in cloud, data and AI with unmatched industry experience, functional expertise and global delivery capability. Our broad range of services, solutions and assets across Strategy & Consulting, Technology, Operations, Industry X and Song, together with our culture of shared success and commitment to creating 360° value, enable us to help our clients reinvent and build trusted, lasting relationships. We measure our success by the 360° value we create for our clients, each other, our shareholders, partners and communities. Visit us at www.accenture.com Equal Employment Opportunity Statement We believe that no one should be discriminated against because of their differences. All employment decisions shall be made without regard to age, race, creed, color, religion, sex, national origin, ancestry, disability status, military veteran status, sexual orientation, gender identity or expression, genetic information, marital status, citizenship status or any other basis as protected by applicable law. Our rich diversity makes us more innovative, more competitive, and more creative, which helps us better serve our clients and our communities.","['tableau', 'power bi']","['excel', 'sap', 'cloud']",1.0,3.0,lead,India,India,onsite,full-time,Masters,Electrical / Electronics,Consulting & IT Services,,,INR,Posted Today,True,,,,False
AIOC-S01625786,Supply Chain Plan&Analyt Associate,Accenture,"Skill required: Plan - Supply Chain Supply Planning Designation: Supply Chain Plan&Analyt Associate Qualifications: Any Graduation Years of Experience: 1 to 3 years About Accenture Accenture is a global professional services company with leading capabilities in digital, cloud and security.Combining unmatched experience and specialized skills across more than 40 industries, we offer Strategy and Consulting, Technology and Operations services, and Accenture Song— all powered by the world’s largest network of Advanced Technology and  Intelligent Operations centers. Our 784,000 people deliver on the promise of technology and human ingenuity every day, serving clients in more than 120 countries.  We embrace the power of change to create value and shared success for our clients, people, shareholders, partners and  communities.Visit us at www.accenture.com What would you do? Accenture is seeking a Supply Chain Operations Associate to support various supply chain operations planning services for our customers.  In this capacity, you will be based out of one of our delivery centers and will have frequent interaction with team members and customers in the execution of projects. These projects will help customers achieve significant value in the form of improved visibility, quality, delivery, and sales performance.

Job Responsibilities:
•	Developing and maintaining feasible Master Supply Plans (MPS) that align with demand forecasts and production capacity, identifying and resolving potential gaps and risks. 
•	Managing inventory levels across the supply chain, optimizing for both availability and cost-effectiveness, and ensuring target inventory days of supply (DOS) are met. 

•	Working closely with Demand Planning, Brand Management, Sales, Finance, and other teams to ensure alignment and effective execution of supply plans
•	Utilizing scenario planning to proactively address potential issues and optimize supply chain performance, especially in the face of changing market conditions or unexpected events. 
•	Tracking key performance indicators (KPIs) such as fill rates, inventory levels, and cost metrics, and taking corrective actions to improve performance. 

•	Maintaining accurate master and transactional data within planning systems, and contributing to the development of planning strategies and parameters. 
•	Identifying and implementing process improvements to enhance supply chain agility, efficiency, and responsiveness. 
•	Identifying and mitigating potential supply chain risks, including material shortages, production delays, and other disruptions. What are we looking for? Basic Qualifications:
•	A Bachelor’s Degree or Equivalent
Preferred Qualifications: 
•	Supply Chain Experience
•	Industry Experience- FMCG/Beauty industry preferred
•	Basic knowledge of ERPs like: SAP; Analytical/Business Intelligence tools like Power BI, Tableau, QlikView and Planning Tools like: O9, SAP APO, Kinaxis. 
•	Knowledge of inventory management principles and practices.
•	Strong quantitative and analytical skills including Power BI
•	Exceptional multi-tasking skills
•	Attention to detail & high levels of accuracy
•	Proficiency with Excel 
•	Proficiency in supply chain planning systems and tools (e.g., o9)
•	Excellent communication, organization/time management and problem-solving skills Roles and Responsibilities: •In this role you are required to solve routine problems, largely through precedent and referral to general guidelines
• Your expected interactions are within your own team and direct supervisor
• You will be provided detailed to moderate level of instruction on daily work tasks and detailed instruction on new assignments
• The decisions that you make would impact your own work
• You will be an individual contributor as a part of a team, with a predetermined, focused scope of work
• Please note that this role may require you to work in rotational shifts Any Graduation About Accenture Accenture is a leading global professional services company that helps the world’s leading businesses, governments and other organizations build their digital core, optimize their operations, accelerate revenue growth and enhance citizen services—creating tangible value at speed and scale. We are a talent- and innovation-led company with approximately 791,000 people serving clients in more than 120 countries. Technology is at the core of change today, and we are one of the world’s leaders in helping drive that change, with strong ecosystem relationships. We combine our strength in technology and leadership in cloud, data and AI with unmatched industry experience, functional expertise and global delivery capability. Our broad range of services, solutions and assets across Strategy & Consulting, Technology, Operations, Industry X and Song, together with our culture of shared success and commitment to creating 360° value, enable us to help our clients reinvent and build trusted, lasting relationships. We measure our success by the 360° value we create for our clients, each other, our shareholders, partners and communities. Visit us at www.accenture.com Equal Employment Opportunity Statement We believe that no one should be discriminated against because of their differences. All employment decisions shall be made without regard to age, race, creed, color, religion, sex, national origin, ancestry, disability status, military veteran status, sexual orientation, gender identity or expression, genetic information, marital status, citizenship status or any other basis as protected by applicable law. Our rich diversity makes us more innovative, more competitive, and more creative, which helps us better serve our clients and our communities.","['tableau', 'power bi']","['excel', 'sap', 'cloud']",1.0,3.0,lead,India,India,onsite,full-time,Masters,Electrical / Electronics,Consulting & IT Services,,,INR,Posted Today,True,,,,False
AIOC-S01628124,Sales Prog & Incentive Mgmt Sr Analyst,Accenture,"Skill required: Master Data Management - Master Data Management (MDM) Designation: Sales Prog & Incentive Mgmt Sr Analyst Qualifications: Any Graduation Years of Experience: 5 to 8 years About Accenture Accenture is a global professional services company with leading capabilities in digital, cloud and security.Combining unmatched experience and specialized skills across more than 40 industries, we offer Strategy and Consulting, Technology and Operations services, and Accenture Song— all powered by the world’s largest network of Advanced Technology and  Intelligent Operations centers. Our 784,000 people deliver on the promise of technology and human ingenuity every day, serving clients in more than 120 countries.  We embrace the power of change to create value and shared success for our clients, people, shareholders, partners and  communities.Visit us at www.accenture.com What would you do? You will manage the end-to-end lifecycle of Master Data across Customer, Pricing, Material, Local Sets, and EDI domains. Key duties include:
•	Data Lifecycle Management: Create, update, and validate records for new customers, intercompany partners, plants, DCs, and employees.
•	Pricing Maintenance: Manage Suggested Retail Price (SRP), Recommended Retail Price (RRP), and discount maintenance.
•	Operational Execution: Process ""door"" openings/closings, manage salon business master data (including credit card updates), and maintain product catalogues.
•	Material Administration: Maintain Material Master Data, manage retailer new line forms, and coordinate customer assortments at affiliate and retailer levels.
•	Compliance & Audit: Run SOX change reports, perform sample audits, and ensure all requests meet mandatory approval requirements before processing.
•	Compliance-Driven Professionals: Individuals who will strictly adhere to Standard Operating Procedures (SOPs) and refuse to process requests that lack mandatory approvals.
•	Detail-Oriented Analysts: Capability to validate specific data element entries for completeness and accuracy.Efficiency Mindset: Ability to monitor end-to-end processes, such as NDO Cycle Times, to ensure timely shipmentsCustomer Master: Handling complex onboarding, intercompany records, and door closure processes.Pricing Dynamics: Experience with discount margin validation, calculating wholesale vs. RRP, and performing order form comparisons.Supply Chain & Logistics: Managing plant/warehouse structures, intercompany stock movements, and material assortments.Salon/Specialized Retail: Experience with specific niche requirements like Aveda classification levels or salon business legal documents.
Architect master data solutions across platforms to consolidate content, synchronize data, provide centralized maintenance of unified data, enable rich product content management and print publishing as well as to synchronize global data ensuring consistency and control of master data elements. What are we looking for? •	Stakeholder Engagement: Attend business stakeholder meetings to understand needs impacting services.
•	Inter-Departmental Coordination: Act as a liaison between requestors, Master Data teams, IT, and Finance for approvals and troubleshooting.
•	Reporting: Execute and distribute key business reports on an ad-hoc or scheduled basis to support business functions.
________________________________________


Transformation / Ops Improvement Experience
•	Data Quality (DQ) Management: Generate and review weekly/monthly DQ reports to ensure accuracy and timeliness of data attributes.
•	Process Enrichment: Enrich local sets by coordinating with internal departments and synchronizing data with global standards.
•	System Innovation: Support and drive new EDI initiatives, such as message standard changes, in collaboration with IT.
________________________________________

•	ERP Systems: Expertise in SAP (Material Master, Customer Master, and Pricing) and various legacy systems.
•	Data Entry & Management: Proficiency in using standard templates, margin calculators, and EDI mailbox management.
•	Product Catalogues: Maintenance of digital customer product catalogues. Roles and Responsibilities: •In this role you are required to do analysis and solving of increasingly complex problems
• Your day to day interactions are with peers within Accenture
• You are likely to have some interaction with clients and/or Accenture management
• You will be given minimal instruction on daily work/tasks and a moderate level of instruction on new assignments
• Decisions that are made by you impact your own work and may impact the work of others
• In this role you would be an individual contributor and/or oversee a small work effort and/or team
• Please note that this role may require you to work in rotational shifts Any Graduation About Accenture Accenture is a leading global professional services company that helps the world’s leading businesses, governments and other organizations build their digital core, optimize their operations, accelerate revenue growth and enhance citizen services—creating tangible value at speed and scale. We are a talent- and innovation-led company with approximately 791,000 people serving clients in more than 120 countries. Technology is at the core of change today, and we are one of the world’s leaders in helping drive that change, with strong ecosystem relationships. We combine our strength in technology and leadership in cloud, data and AI with unmatched industry experience, functional expertise and global delivery capability. Our broad range of services, solutions and assets across Strategy & Consulting, Technology, Operations, Industry X and Song, together with our culture of shared success and commitment to creating 360° value, enable us to help our clients reinvent and build trusted, lasting relationships. We measure our success by the 360° value we create for our clients, each other, our shareholders, partners and communities. Visit us at www.accenture.com Equal Employment Opportunity Statement We believe that no one should be discriminated against because of their differences. All employment decisions shall be made without regard to age, race, creed, color, religion, sex, national origin, ancestry, disability status, military veteran status, sexual orientation, gender identity or expression, genetic information, marital status, citizenship status or any other basis as protected by applicable law. Our rich diversity makes us more innovative, more competitive, and more creative, which helps us better serve our clients and our communities.",['sap'],"['cloud', 'erp']",5.0,8.0,junior,India,India,onsite,internship,Masters,Finance / Commerce,Consulting & IT Services,,,INR,Posted Today,True,,,,False
R00229254,S&C Global Network - AI - Life Sciences -Data Science Sr. Manager,Accenture,"JR: R00229254 Experience: 11-15 Years Educational Qualification: Bachelor’s or Master’s degree in Statistics, Data Science, Applied Mathematics, Business Analytics, Computer Science, Information Systems, or other Quantitative field. --------------------------------------------------------------------- Job Title - S&C Global Network - AI - Healthcare Analytics - Senior Manager Management Level: 6-Senior Manager Location: Bangalore/Gurgaon Must-have skills: R,Phython,SQL,Spark,Tableau ,Power BI Good to have skills: Ability to leverage design thinking, business process optimization, and stakeholder management skills. Job Summary: This role involves driving strategic initiatives, managing business transformations, and leveraging industry expertise to create value-driven solutions. Roles & Responsibilities: Provide strategic advisory services, conduct market research, and develop data-driven recommendations to enhance business performance. As part of our Data & AI practice, you will join a worldwide network of smart and driven colleagues experienced in leading AI/ML/Statistical tools, methods and applications. From data to analytics and insights to actions, our forward-thinking consultants provide analytically-informed, issue-based insights at scale to help our clients improve outcomes and achieve high performance. WHAT’S IN IT FOR YOU? An opportunity to work on high-visibility projects with top Pharma clients around the globe. Potential to Co-create with leaders in strategy, industry experts, enterprise function practitioners, and business intelligence professionals to shape and recommend innovative solutions that leverage emerging technologies. Ability to embed responsible business into everything—from how you service your clients to how you operate as a responsible professional. Personalized training modules to develop your strategy & consulting acumen to grow your skills, industry knowledge, and capabilities. Opportunity to thrive in a culture that is committed to accelerating equality for all. Engage in boundaryless collaboration across the entire organization. What you would do in this role Lead proposals, and business development efforts and coordinate with other colleagues to cross-sell/ up-sell Life Sciences offerings to existing as well as potential clients. Lead client discussions, developing new industry Point of View (PoV), re-usable assets (tools) Collaborate closely with cross-functional teams including Data engineering, technology, and business stakeholders to identify opportunities for leveraging data to drive business solutions. Lead and manage teams to deliver transformative and innovative client projects. Guide teams on analytical and AI methods and approaches Manage client relationships to foster trust, deliver value, and build the Accenture brand Drive consulting practice innovation and thought leadership in your area of specialization Support strategies and operating models focused on some business units and assess likely competitive responses. Also, assess implementation readiness and points of greatest impact. Execute a transformational change plan aligned with the client’s business strategy and context for change. Engage stakeholders in the change journey and build commitment to change. Professional & Technical Skills: - Relevant experience in the required domain. - Strong analytical, problem-solving, and communication skills. - Ability to work in a fast-paced, dynamic environment. Proven experience in cross-sell/ up-sell Leverage one’s hands-on experience of working across one or more of these areas such as real-world evidence data, R&D clinical data, and digital marketing data. Experience with handling Datasets like Komodo, RAVE, IQVIA, Truven, Optum, SHS, Specialty Pharmacy, PSP, etc. Experience in building and deployment of Statistical Models/Machine Learning including Segmentation & predictive modeling, hypothesis testing, multivariate statistical analysis, time series techniques, and optimization. Excellent analytical and problem-solving skills, with a data-driven mindset. Ability to solve complex business problems and deliver client delight. Strong writing skills to build points of view on current industry trends. Good Client handling skills; able to demonstrate thought leadership & problem-solving skills. Additional Information: - Opportunity to work on innovative projects. - Career growth and leadership exposure. About Our Company | Accenture Experience: 11-15 Years Educational Qualification: Bachelor’s or Master’s degree in Statistics, Data Science, Applied Mathematics, Business Analytics, Computer Science, Information Systems, or other Quantitative field. About Accenture We work with one shared purpose: to deliver on the promise of technology and human ingenuity. Every day, more than 775,000 of us help our stakeholders continuously reinvent. Together, we drive positive change and deliver value to our clients, partners, shareholders, communities, and each other.We believe that delivering value requires innovation, and innovation thrives in an inclusive and diverse environment. We actively foster a workplace free from bias, where everyone feels a sense of belonging and is respected and empowered to do their best work.At Accenture, we see well-being holistically, supporting our people’s physical, mental, and financial health. We also provide opportunities to keep skills relevant through certifications, learning, and diverse work experiences. We’re proud to be consistently recognized as one of the World’s Best Workplaces™.Join Accenture to work at the heart of change. Visit us at www.accenture.com Equal Employment Opportunity Statement All employment decisions shall be made without regard to age, race, creed, color, religion, sex, national origin, ancestry, disability status, veteran status, sexual orientation, gender identity or expression, genetic information, marital status, citizenship status or any other basis as protected by federal, state, or local law. Job candidates will not be obligated to disclose sealed or expunged records of conviction or arrest as part of the hiring process. Accenture is committed to providing veteran employment opportunities to our service men and women.","['sql', 'machine learning', 'tableau']","['power bi', 'spark', 'r', 'data engineering']",11.0,15.0,lead,India,India,onsite,full-time,Masters,Computer Science / IT,Consulting & IT Services,,,INR,Posted 30+ Days Ago,True,,,,False
AIOC-S01622869,Creative Production Analyst,Accenture,"Skill required: Marketing Operations - Creative Design Designation: Creative Production Analyst Qualifications: Any Graduation Years of Experience: 3 to 5 years About Accenture Accenture is a global professional services company with leading capabilities in digital, cloud and security.Combining unmatched experience and specialized skills across more than 40 industries, we offer Strategy and Consulting, Technology and Operations services, and Accenture Song— all powered by the world’s largest network of Advanced Technology and  Intelligent Operations centers. Our 784,000 people deliver on the promise of technology and human ingenuity every day, serving clients in more than 120 countries.  We embrace the power of change to create value and shared success for our clients, people, shareholders, partners and  communities.Visit us at www.accenture.com What would you do? •	Produces quality art files for advertising, and communication materials, which meet the technical and conceptual needs of the client. 
•	Contributes to the user interface (UI) design, including the visual effort.
•	Participates in the development of materials to implement a given visual design strategy.
•	Executes the design and production of graphics for information visualization, learning activities and other areas as required.
•	Performs Quality Assurance on its own graphic deliverables.
•	Creates original design ideas and layouts from created comps sent by the client or made for Creative Lead.
•	Assembles static and animated banners for online advertising.
•	Edits interactive PDFs.
•	Works with the Creative Leads to ensure that the design meets the visual consistency goals as defined in the requirements across campaigns.

In a Marketing Operations job profile, responsibilities include managing and optimizing marketing processes and systems. This involves tasks such as campaign execution, data analysis, and budget management. The goal is to improve marketing efficiency and effectiveness. The role requires strong analytical skills, attention to detail, and knowledge of marketing technologies. It is essential for ensuring that marketing strategies are implemented smoothly and deliver measurable results.
Creative design is a process that uses digital and physical design tools and core design training to create comps and final art that bring creative concepts to life for marketing purposes. What are we looking for? •	Understands design fundamentals (typography, composition, color theory, layout, balance, etc.), as well as web fundamentals.
•	Understands universal interaction principles terminology.
•	Keeps current on new graphic techniques and technologies, recommending changes as appropriate.
•	Possesses basic knowledge in Adobe Creative Suite tools.
•	Required: Adobe Photoshop, Illustrator and InDesign.
•	Possesses basic knowledge in Microsoft Office tools:
•	Required: PowerPoint, Word
•	Is familiar with image optimization, cropping and saving assets for web and mobile projects.
•	Understands the importance and purpose of branding guidelines and technical requirements.
•	Can interpret and implement brand book at a basic level.
•	Leverages sketching and storytelling skills to communicate design intention.
•	Demonstrates working knowledge of image optimization, bitmap image manipulation and illustration (Asset Edition, Manipulation, Vectors)
•	Basic knowledge about digital and offset printing process Roles and Responsibilities: •In this role you are required to do analysis and solving of lower-complexity problems
• Your day to day interaction is with peers within Accenture before updating supervisors
• In this role you may have limited exposure with clients and/or Accenture management
• You will be given moderate level instruction on daily work tasks and detailed instructions on new assignments
• The decisions you make impact your own work and may impact the work of others
• You will be an individual contributor as a part of a team, with a focused scope of work
• Please note that this role may require you to work in rotational shifts Any Graduation About Accenture Accenture is a leading global professional services company that helps the world’s leading businesses, governments and other organizations build their digital core, optimize their operations, accelerate revenue growth and enhance citizen services—creating tangible value at speed and scale. We are a talent- and innovation-led company with approximately 791,000 people serving clients in more than 120 countries. Technology is at the core of change today, and we are one of the world’s leaders in helping drive that change, with strong ecosystem relationships. We combine our strength in technology and leadership in cloud, data and AI with unmatched industry experience, functional expertise and global delivery capability. Our broad range of services, solutions and assets across Strategy & Consulting, Technology, Operations, Industry X and Song, together with our culture of shared success and commitment to creating 360° value, enable us to help our clients reinvent and build trusted, lasting relationships. We measure our success by the 360° value we create for our clients, each other, our shareholders, partners and communities. Visit us at www.accenture.com Equal Employment Opportunity Statement We believe that no one should be discriminated against because of their differences. All employment decisions shall be made without regard to age, race, creed, color, religion, sex, national origin, ancestry, disability status, military veteran status, sexual orientation, gender identity or expression, genetic information, marital status, citizenship status or any other basis as protected by applicable law. Our rich diversity makes us more innovative, more competitive, and more creative, which helps us better serve our clients and our communities.",['powerpoint'],['cloud'],3.0,5.0,lead,India,India,onsite,full-time,,Business / Management,Consulting & IT Services,,,INR,Posted Today,True,,,,False
devops-engineer-mlops?team=SFTWR,Devops Engineer (MLops),Apple,,[],[],,,mid,Hyderabad,India,onsite,full-time,,,Technology,,,INR,2026-03-27,True,,,,False
ai-machine-learning-engineer?team=SFTWR,AI/Machine Learning Engineer,Apple,"Apple Store Shop Shop the Latest Mac iPad iPhone Apple Watch AirPods Accessories Quick Links Find a Store Order Status Apple Trade In Ways to Buy Personal Setup Shop Special Stores Education Business Mac Explore Mac Explore All Mac MacBook Neo MacBook Air MacBook Pro iMac Mac mini Mac Studio Displays Compare Mac Switch from PC to Mac Shop Mac Shop Mac Mac Accessories Ways to Buy Personal Setup More from Mac Mac Support AppleCare macOS Tahoe Apple Intelligence Apps by Apple Apple Creator Studio Better with iPhone iCloud+ Mac for Business Education iPad Explore iPad Explore All iPad iPad Pro iPad Air iPad iPad mini Apple Pencil Keyboards Compare iPad Shop iPad Shop iPad iPad Accessories Ways to Buy Personal Setup More from iPad iPad Support AppleCare iPadOS 26 Apple Intelligence Apps by Apple Apple Creator Studio iCloud+ Education iPhone Explore iPhone Explore All iPhone iPhone 17 Pro iPhone Air iPhone 17 iPhone 17e iPhone 16 Compare iPhone Switch from Android Shop iPhone Shop iPhone iPhone Accessories Apple Trade In Ways to Buy Personal Setup More from iPhone iPhone Support AppleCare iOS 26 Apple Intelligence Apps by Apple iPhone Privacy Better with Mac iCloud+ Wallet Siri Watch Explore Watch Explore All Apple Watch Apple Watch Series 11 Apple Watch SE 3 Apple Watch Ultra 3 Apple Watch Nike Compare Watch Why Apple Watch Shop Watch Shop Apple Watch Apple Watch Straps Apple Watch Accessories Ways to Buy Personal Setup More from Watch Apple Watch Support AppleCare watchOS 26 Apple Watch For Your Kids Apps by Apple Apple Fitness+ AirPods Explore AirPods Explore All AirPods AirPods 4 AirPods Pro 3 AirPods Max 2 Compare AirPods Shop AirPods Shop AirPods AirPods Accessories More from AirPods AirPods Support AppleCare Apple Music Apple Fitness+ TV & Home Explore TV & Home Explore TV & Home Apple TV 4K HomePod HomePod mini Shop TV & Home Shop Apple TV 4K Shop HomePod Shop HomePod mini Shop Siri Remote TV & Home Accessories More from TV & Home Apple TV Support HomePod Support AppleCare for Apple TV AppleCare for HomePod Apple TV app Apple TV Home app Apple Music Siri AirPlay Entertainment Explore Entertainment Explore Entertainment Apple One Apple TV Apple Music Apple Arcade Apple Fitness+ Apple Podcasts Apple Books App Store Support Apple TV Support Apple Music Support Accessories Shop Accessories Shop All Accessories Mac iPad iPhone Apple Watch AirPods TV & Home Explore Accessories Made by Apple Beats AirTag Support Explore Support iPhone Mac iPad Watch AirPods Music TV Explore Support Get Help Community Check Coverage Genius Bar Repair Helpful Topics Get AppleCare Apple Account and Password Billing & Subscriptions Accessibility 0 + Please enable Javascript in your browser for best experience. Jobs at Apple Overview Work at Apple Explore Work at Apple Locations Teams Apple Retail Students Life at Apple Explore Life at Apple Diversity Network Associations Shared Values Benefits My Profile Sign In Search Roles Page not found. Sorry, this role does not exist or is no longer available. Search Current Openings Apple Footer At Apple, we’re not all the same. And that’s our greatest strength. We draw on the differences in who we are, what we’ve experienced, and how we think. Because to create products that serve everyone, we believe in including everyone. Therefore, we are committed to treating all applicants fairly and equally. We will work with applicants to make any reasonable accommodations.  Apple Careers at Apple Careers at Apple Shop and Learn Shop and Learn Store Mac iPad iPhone Watch AirPods TV & Home AirTag Accessories Gift Cards Apple Wallet Apple Wallet Wallet Account Account Manage Your Apple ID Apple Store Account iCloud.com Entertainment Entertainment Apple One Apple TV+ Apple Music Apple Arcade Apple Podcasts Apple Books App Store Apple Store Apple Store Find a Store Genius Bar Today at Apple Group Reservations Apple Camp Apple Trade In Ways to Buy Recycling Programme Order Status Shopping Help For Business For Business Apple and Business Shop for Business For Education For Education Apple and Education Shop for Education Shop for University For Healthcare For Healthcare Apple in Healthcare Health on Apple Watch Apple Values Apple Values Accessibility Education Environment Privacy Supply Chain About Apple About Apple Newsroom Apple Leadership Career Opportunities Investors Ethics & Compliance Events Contact Apple More ways to shop: Find an Apple Store or other retailer near you. Or call 000800 040 1966. India Copyright © 2024 Apple Inc. All rights reserved. Privacy Policy Terms of Use Sales Policy Legal Site Map",['javascript'],"['android', 'ios']",,,lead,Bengaluru,India,remote,full-time,,,Technology,,,INR,2026-03-19,True,,,,False
manager-systems-engineering-apple-services-engineering?team=SFTWR,"Manager, Systems Engineering- Apple Services Engineering",Apple,,[],[],,,lead,Hyderabad,India,onsite,full-time,,,Technology,,,INR,2026-02-03,True,,,,False
junior-software-developer-in-test-is-t?team=SFTWR,"Junior Software Developer in Test, IS&T",Apple,,[],[],,,junior,Bengaluru,India,onsite,full-time,,,Technology,,,INR,2025-12-29,True,,,,False
ml-data-scientist?team=SFTWR,ML Data Scientist,Apple,,[],[],,,mid,Hyderabad,India,onsite,full-time,,,Technology,,,INR,2026-03-27,True,,,,False
software-engineer-global-sourcing-supply-management-gssm-solutions?team=OPMFG,Software Engineer - Global Sourcing & Supply Management (GSSM) Solutions,Apple,"Apple Store Shop Shop the Latest Mac iPad iPhone Apple Watch AirPods Accessories Quick Links Find a Store Order Status Apple Trade In Ways to Buy Personal Setup Shop Special Stores Education Business Mac Explore Mac Explore All Mac MacBook Neo MacBook Air MacBook Pro iMac Mac mini Mac Studio Displays Compare Mac Switch from PC to Mac Shop Mac Shop Mac Mac Accessories Ways to Buy Personal Setup More from Mac Mac Support AppleCare macOS Tahoe Apple Intelligence Apps by Apple Apple Creator Studio Better with iPhone iCloud+ Mac for Business Education iPad Explore iPad Explore All iPad iPad Pro iPad Air iPad iPad mini Apple Pencil Keyboards Compare iPad Shop iPad Shop iPad iPad Accessories Ways to Buy Personal Setup More from iPad iPad Support AppleCare iPadOS 26 Apple Intelligence Apps by Apple Apple Creator Studio iCloud+ Education iPhone Explore iPhone Explore All iPhone iPhone 17 Pro iPhone Air iPhone 17 iPhone 17e iPhone 16 Compare iPhone Switch from Android Shop iPhone Shop iPhone iPhone Accessories Apple Trade In Ways to Buy Personal Setup More from iPhone iPhone Support AppleCare iOS 26 Apple Intelligence Apps by Apple iPhone Privacy Better with Mac iCloud+ Wallet Siri Watch Explore Watch Explore All Apple Watch Apple Watch Series 11 Apple Watch SE 3 Apple Watch Ultra 3 Apple Watch Nike Compare Watch Why Apple Watch Shop Watch Shop Apple Watch Apple Watch Straps Apple Watch Accessories Ways to Buy Personal Setup More from Watch Apple Watch Support AppleCare watchOS 26 Apple Watch For Your Kids Apps by Apple Apple Fitness+ AirPods Explore AirPods Explore All AirPods AirPods 4 AirPods Pro 3 AirPods Max 2 Compare AirPods Shop AirPods Shop AirPods AirPods Accessories More from AirPods AirPods Support AppleCare Apple Music Apple Fitness+ TV & Home Explore TV & Home Explore TV & Home Apple TV 4K HomePod HomePod mini Shop TV & Home Shop Apple TV 4K Shop HomePod Shop HomePod mini Shop Siri Remote TV & Home Accessories More from TV & Home Apple TV Support HomePod Support AppleCare for Apple TV AppleCare for HomePod Apple TV app Apple TV Home app Apple Music Siri AirPlay Entertainment Explore Entertainment Explore Entertainment Apple One Apple TV Apple Music Apple Arcade Apple Fitness+ Apple Podcasts Apple Books App Store Support Apple TV Support Apple Music Support Accessories Shop Accessories Shop All Accessories Mac iPad iPhone Apple Watch AirPods TV & Home Explore Accessories Made by Apple Beats AirTag Support Explore Support iPhone Mac iPad Watch AirPods Music TV Explore Support Get Help Community Check Coverage Genius Bar Repair Helpful Topics Get AppleCare Apple Account and Password Billing & Subscriptions Accessibility 0 + Please enable Javascript in your browser for best experience. Jobs at Apple Overview Work at Apple Explore Work at Apple Locations Teams Apple Retail Students Life at Apple Explore Life at Apple Diversity Network Associations Shared Values Benefits My Profile Sign In Search Roles Page not found. Sorry, this role does not exist or is no longer available. Search Current Openings Apple Footer At Apple, we’re not all the same. And that’s our greatest strength. We draw on the differences in who we are, what we’ve experienced, and how we think. Because to create products that serve everyone, we believe in including everyone. Therefore, we are committed to treating all applicants fairly and equally. We will work with applicants to make any reasonable accommodations.  Apple Careers at Apple Careers at Apple Shop and Learn Shop and Learn Store Mac iPad iPhone Watch AirPods TV & Home AirTag Accessories Gift Cards Apple Wallet Apple Wallet Wallet Account Account Manage Your Apple ID Apple Store Account iCloud.com Entertainment Entertainment Apple One Apple TV+ Apple Music Apple Arcade Apple Podcasts Apple Books App Store Apple Store Apple Store Find a Store Genius Bar Today at Apple Group Reservations Apple Camp Apple Trade In Ways to Buy Recycling Programme Order Status Shopping Help For Business For Business Apple and Business Shop for Business For Education For Education Apple and Education Shop for Education Shop for University For Healthcare For Healthcare Apple in Healthcare Health on Apple Watch Apple Values Apple Values Accessibility Education Environment Privacy Supply Chain About Apple About Apple Newsroom Apple Leadership Career Opportunities Investors Ethics & Compliance Events Contact Apple More ways to shop: Find an Apple Store or other retailer near you. Or call 000800 040 1966. India Copyright © 2024 Apple Inc. All rights reserved. Privacy Policy Terms of Use Sales Policy Legal Site Map",['javascript'],"['android', 'ios']",,,lead,Bengaluru,India,remote,full-time,,,Technology,,,INR,2026-03-26,True,,,,False
senior-software-engineer-data-platform?team=SFTWR,Senior Software Engineer - Data Platform,Apple,,[],[],,,senior,Hyderabad,India,onsite,full-time,,,Technology,,,INR,2025-12-15,True,,,,False
product-design-engineer-iphone?team=HRDWR,Product Design Engineer - iPhone,Apple,,[],[],,,mid,Bengaluru,India,onsite,full-time,,,Technology,,,INR,2025-11-14,True,,,,False
anti-spam-detection-engineer?team=SFTWR,Anti-Spam Detection Engineer,Apple,"Apple Store Shop Shop the Latest Mac iPad iPhone Apple Watch AirPods Accessories Quick Links Find a Store Order Status Apple Trade In Ways to Buy Personal Setup Shop Special Stores Education Business Mac Explore Mac Explore All Mac MacBook Neo MacBook Air MacBook Pro iMac Mac mini Mac Studio Displays Compare Mac Switch from PC to Mac Shop Mac Shop Mac Mac Accessories Ways to Buy Personal Setup More from Mac Mac Support AppleCare macOS Tahoe Apple Intelligence Apps by Apple Apple Creator Studio Better with iPhone iCloud+ Mac for Business Education iPad Explore iPad Explore All iPad iPad Pro iPad Air iPad iPad mini Apple Pencil Keyboards Compare iPad Shop iPad Shop iPad iPad Accessories Ways to Buy Personal Setup More from iPad iPad Support AppleCare iPadOS 26 Apple Intelligence Apps by Apple Apple Creator Studio iCloud+ Education iPhone Explore iPhone Explore All iPhone iPhone 17 Pro iPhone Air iPhone 17 iPhone 17e iPhone 16 Compare iPhone Switch from Android Shop iPhone Shop iPhone iPhone Accessories Apple Trade In Ways to Buy Personal Setup More from iPhone iPhone Support AppleCare iOS 26 Apple Intelligence Apps by Apple iPhone Privacy Better with Mac iCloud+ Wallet Siri Watch Explore Watch Explore All Apple Watch Apple Watch Series 11 Apple Watch SE 3 Apple Watch Ultra 3 Apple Watch Nike Compare Watch Why Apple Watch Shop Watch Shop Apple Watch Apple Watch Straps Apple Watch Accessories Ways to Buy Personal Setup More from Watch Apple Watch Support AppleCare watchOS 26 Apple Watch For Your Kids Apps by Apple Apple Fitness+ AirPods Explore AirPods Explore All AirPods AirPods 4 AirPods Pro 3 AirPods Max 2 Compare AirPods Shop AirPods Shop AirPods AirPods Accessories More from AirPods AirPods Support AppleCare Apple Music Apple Fitness+ TV & Home Explore TV & Home Explore TV & Home Apple TV 4K HomePod HomePod mini Shop TV & Home Shop Apple TV 4K Shop HomePod Shop HomePod mini Shop Siri Remote TV & Home Accessories More from TV & Home Apple TV Support HomePod Support AppleCare for Apple TV AppleCare for HomePod Apple TV app Apple TV Home app Apple Music Siri AirPlay Entertainment Explore Entertainment Explore Entertainment Apple One Apple TV Apple Music Apple Arcade Apple Fitness+ Apple Podcasts Apple Books App Store Support Apple TV Support Apple Music Support Accessories Shop Accessories Shop All Accessories Mac iPad iPhone Apple Watch AirPods TV & Home Explore Accessories Made by Apple Beats AirTag Support Explore Support iPhone Mac iPad Watch AirPods Music TV Explore Support Get Help Community Check Coverage Genius Bar Repair Helpful Topics Get AppleCare Apple Account and Password Billing & Subscriptions Accessibility 0 + Please enable Javascript in your browser for best experience. Jobs at Apple Overview Work at Apple Explore Work at Apple Locations Teams Apple Retail Students Life at Apple Explore Life at Apple Diversity Network Associations Shared Values Benefits My Profile Sign In Search Roles Page not found. Sorry, this role does not exist or is no longer available. Search Current Openings Apple Footer At Apple, we’re not all the same. And that’s our greatest strength. We draw on the differences in who we are, what we’ve experienced, and how we think. Because to create products that serve everyone, we believe in including everyone. Therefore, we are committed to treating all applicants fairly and equally. We will work with applicants to make any reasonable accommodations.  Apple Careers at Apple Careers at Apple Shop and Learn Shop and Learn Store Mac iPad iPhone Watch AirPods TV & Home AirTag Accessories Gift Cards Apple Wallet Apple Wallet Wallet Account Account Manage Your Apple ID Apple Store Account iCloud.com Entertainment Entertainment Apple One Apple TV+ Apple Music Apple Arcade Apple Podcasts Apple Books App Store Apple Store Apple Store Find a Store Genius Bar Today at Apple Group Reservations Apple Camp Apple Trade In Ways to Buy Recycling Programme Order Status Shopping Help For Business For Business Apple and Business Shop for Business For Education For Education Apple and Education Shop for Education Shop for University For Healthcare For Healthcare Apple in Healthcare Health on Apple Watch Apple Values Apple Values Accessibility Education Environment Privacy Supply Chain About Apple About Apple Newsroom Apple Leadership Career Opportunities Investors Ethics & Compliance Events Contact Apple More ways to shop: Find an Apple Store or other retailer near you. Or call 000800 040 1966. India Copyright © 2024 Apple Inc. All rights reserved. Privacy Policy Terms of Use Sales Policy Legal Site Map",['javascript'],"['android', 'ios']",,,lead,Hyderabad,India,remote,full-time,,,Technology,,,INR,2026-03-18,True,,,,False
frontend-engineer-react-javascript?team=SFTWR,Frontend Engineer (React+ Javascript),Apple,,[],[],,,mid,Bengaluru,India,onsite,full-time,,,Technology,,,INR,2025-10-23,True,,,,False
all-jobs,Browse Jobs,Atlassian,Browse Jobs,[],[],,,mid,India,India,onsite,full-time,,,Technology / DevOps / Collaboration,,,INR,2026-03-27,True,,,,False
1260952201,Senior Software Engineer,Capgemini,,[],[],,,senior,India,India,onsite,full-time,,,IT Services & Consulting,,,INR,2026-03-27,True,,,,False
1366114433,Associate Consultant,Capgemini,,[],[],,,junior,India,India,onsite,full-time,,,IT Services & Consulting,,,INR,2026-03-27,True,,,,False
1257755801,Expert Sûreté Nucléaire - Études et Conception F/H,Capgemini,,[],[],,,senior,India,India,onsite,full-time,,,IT Services & Consulting,,,INR,2026-03-27,True,,,,False
1256216601,Insurance Sales - Account Executive,Capgemini,,[],[],,,mid,India,India,onsite,full-time,,,IT Services & Consulting,,,INR,2026-03-27,True,,,,False
1290810101,Lead Service Designer,Capgemini,,[],[],,,lead,India,India,onsite,full-time,,,IT Services & Consulting,,,INR,2026-03-27,True,,,,False
1256084201,Senior Fullstack JavaScript Developer,Capgemini,,[],[],,,senior,India,India,onsite,full-time,,,IT Services & Consulting,,,INR,2026-03-27,True,,,,False
1366307133,Capgemini Invent - Senior Strategist - Global Strategic Deals,Capgemini,,[],[],,,senior,India,India,onsite,full-time,,,IT Services & Consulting,,,INR,2026-03-27,True,,,,False
1266578901,IT Process Consultant,Capgemini,,[],[],,,mid,India,India,onsite,full-time,,,IT Services & Consulting,,,INR,2026-03-27,True,,,,False
1257847201,Service Delivery Manager,Capgemini,,[],[],,,lead,India,India,onsite,full-time,,,IT Services & Consulting,,,INR,2026-03-27,True,,,,False
1258451001,Data Engineer,Capgemini,,[],[],,,mid,India,India,onsite,full-time,,,IT Services & Consulting,,,INR,2026-03-27,True,,,,False
00067066931,Chief Functional Architect,Cognizant,Job Summary The Chief Functional Architect will play a pivotal role in designing and implementing cutting-edge solutions that align with the companys strategic goals. With expertise in integration patterns solution design and cloud services the candidate will ensure seamless API lifecycle management. This role requires a deep understanding of analytics to drive impactful business decisions. The position offers a hybrid work model with no travel required. Responsibilities Lead the design and implementation of complex integration patterns and solutions that enhance system interoperability and efficiency. Oversee the development and management of APIs ensuring robust lifecycle management and adherence to best practices. Provide strategic guidance on cloud provider services optimizing the use of cloud resources to support business objectives. Collaborate with cross-functional teams to ensure that solution designs meet both technical and business requirements. Drive innovation by leveraging analytics to inform decision-making and improve business outcomes. Ensure that all solutions are scalable secure and aligned with industry standards. Facilitate workshops and training sessions to promote understanding of integration and API strategies across the organization. Monitor and evaluate emerging technologies to identify opportunities for enhancing the companys technical capabilities. Develop comprehensive documentation for all architectural designs and processes to ensure clarity and continuity. Support the transition to cloud-based solutions ensuring minimal disruption and maximum benefit. Analyze business needs and translate them into technical requirements that guide solution design. Foster a culture of continuous improvement by encouraging feedback and implementing changes that enhance system performance. Collaborate with stakeholders to ensure that architectural decisions align with the companys long-term vision. Qualifications Possess extensive experience in integration patterns and designs demonstrating a strong ability to create seamless connections between systems. Have a deep understanding of solution design principles ensuring that all solutions are both effective and efficient. Demonstrate proficiency in cloud basics and cloud provider services optimizing the use of cloud resources. Exhibit expertise in API lifecycle management ensuring that APIs are developed maintained and retired effectively. Show proficiency in REST API design and implementation ensuring robust and scalable solutions. Have a strong background in analytics using data-driven insights to inform strategic decisions. Display excellent communication skills facilitating collaboration and understanding across diverse teams.,['rest api'],"['api', 'cloud']",,,lead,BANGALORE,India,hybrid,full-time,,Business / Management,IT Services & Consulting,,,INR,"Tue, 27 Ja",True,,,,False
00067825911,Informatica ILM,Cognizant,"Skill: Informatica ILM Experience: 4-12 Years â¢ Archiving & Retirement: Design and implement data archiving strategies for structured and unstructured data, particularly application retirement projects to move legacy data to Informatica Data Vault (IDV). â¢ ILM Implementation: Configure Informatica ILM Data Archive, Enterprise Data Manager (EDM), and Data Vault. â¢ Data Masking/TDM: Implement Test Data Management (TDM) and Data Masking options to secure sensitive data in non-production environments. â¢ Policy Management: Define and manage data retention policies, legal holds, and data destruction policies in alignment with business and compliance requirements. â¢ Reporting: Create reports for auditing and data analysis using tools like ILM Workbench, IDV SQL Worksheet, or reporting tools like Tableau/Power BI. â¢ Performance Tuning: Optimize archival jobs and Informatica workflows for better performance and reduced storage costs. â¢ Technical Documentation: Create documentation for development, QA, and production environments. Required Qualifications & Skills Experience: 5+ years of experience in data management, with at least 3+ years specifically in Informatica ILM. Technical Expertise: Informatica Data Archive/ILM (Data Vault/FAS). Informatica TDM (Test Data Management). Informatica PowerCenter (ETL). SQL and Database Management (Oracle, SQL Server, DB2). Unix/Shell Scripting. Domain Knowledge: Strong understanding of data retention, data archiving strategies, and data security. Soft Skills: Strong communication skills to interact with stakeholders and business units.","['sql', 'oracle']","['tableau', 'power bi', 'etl']",4.0,12.0,lead,Hyderabad,India,hybrid,full-time,,Finance / Commerce,IT Services & Consulting,,,INR,"Tue, 10 Ma",True,,,,False
00067809771,SPE-Accounting,Cognizant,"Cognizant is seeking a highly motivated and detail-oriented R2R (Record to Report) â GL Accounting Professional at the Senior Process Executive level to join our Finance team. This role is critical in ensuring the accuracy and integrity of financial records and in supporting efficient month-end, quarter-end, and year-end closing processes . The ideal candidate will have a strong understanding of accounting principles with hands-on experience in general ledger accounting. Experience: 1â4 years of relevant experience Key Roles and Responsibilities General Ledger Accounting Prepare and review general ledger entries to ensure accuracy and completeness. Perform account reconciliations and investigate and resolve discrepancies. Maintain accurate financial records in compliance with company policies and applicable regulations. Month-End / Year-End Close Actively participate in month-end, quarter-end, and year-end close processes to ensure timely and accurate financial reporting. Prepare and analyze financial statements and related reports. Financial Reporting and Analysis Analyze financial data to identify trends and variances, and provide insights to support business decision-making. Assist in the preparation of financial reports for internal and external stakeholders. Compliance and Internal Controls Ensure adherence to internal controls, accounting standards, and company policies to maintain financial integrity. Support internal and external audits by providing required documentation and explanations. Process Improvement Participate in continuous process improvement initiatives to enhance efficiency and effectiveness. Contribute to the development, documentation, and implementation of financial policies and procedures. Collaboration and Communication Collaborate with cross-functional teams to resolve financial and accounting-related issues. Communicate effectively with team members, management, and clients. Qualifications Bachelorâs degree in accounting, Finance, or a related field. Proven experience in R2R â GL Accounting , with a strong focus on month-end close and financial reporting. Strong understanding of accounting principles and practices. Proficiency in financial systems and accounting tools. Excellent analytical and problem-solving skills. Strong attention to detail and accuracy. Effective communication and interpersonal skills, with the ability to independently interact with and support clients. Willingness to work flexible hours. Comfortable working in rotational shifts or any shift as per client requirements. Willingness to work 100% from office . Key Skills General Ledger Accounting Account Reconciliation Financial Reporting Month-End / Year-End Close Financial Analysis Compliance and Internal Controls Process Improvement",[],[],4.0,,junior,Gurgaon,India,hybrid,internship,Bachelors,Finance / Commerce,IT Services & Consulting,,,INR,"Wed, 18 Ma",True,,,,False
00066953941,SailPoint Developer - Returnship Program,Cognizant,"Skills - SailPoint Developer Level â SA, M Experience â 6 Years -12 Years Location - Kochi Job Summary: As a SailPoint IIQ Developer, you will be responsible for designing, developing, and implementing identity and access management (IAM) solutions using SailPoint IdentityIQ. You will work closely with cross-functional teams to ensure secure, scalable, and efficient identity governance processes. Key Responsibilities: Design, develop, and implement SailPoint IdentityIQ solutions. Customize and configure SailPoint components to meet business requirements. Develop and maintain workflows, rules, and policies within SailPoint IIQ. Integrate SailPoint with various systems and applications. Document configurations, processes, and changes. Collaborate with security, infrastructure, and application teams. Required Skills & Qualifications: Bachelorâs degree in Computer Science, Information Technology, or related field. 5+ years of hands-on experience with SailPoint IdentityIQ. Strong proficiency in Java, BeanShell scripting, and XML. Experience with SQL and directory services (LDAP, Active Directory), application on-boarding in SailPoint IIQ. Familiarity with IAM concepts such as RBAC, SOD, and access certification. Experience with DevOps tools (GitHub, Azure DevOps) and CI/CD pipelines. Strong analytical and problem-solving skills. Excellent communication and documentation abilities.","['java', 'sql']","['azure', 'ci/cd', 'devops']",6.0,,lead,BANGALORE,India,hybrid,full-time,Bachelors,Computer Science / IT,IT Services & Consulting,,,INR,"Mon, 16 Fe",True,,,,False
00065642303,Sr. program manager - Cloud platform,Cognizant,"Senior Program Manager (Cloud Platform & Application Engineering | Professional Services) Role Summary The Senior Program Manager (Cloud Platform & Application Engineering) is a client-facing Professional Services delivery leader responsible for managing large-scale cloud platform and application engineering programs for external enterprise customers. The role operates under SOW-based, customer-funded delivery models and requires strong program governance, delivery discipline, and external stakeholder management. Hands-on technical execution is not required; however, the role demands a solid functional understanding of cloud platforms, application engineering, and modernization practices. Role Positioning - Senior Program / Delivery Manager within Professional Services - No direct people management responsibility - Accountability for contractual, financial, and delivery outcomes - Working technical understanding across cloud and application engineering domains - Mentors delivery teams through influence and best practices Mandatory Background Requirements - Professional Services / Consulting / Systems Integration background (mandatory) - Experience delivering customer-facing cloud platform and application engineering programs - Experience working with SOW-driven delivery models (fixed price, T&M, milestone-based) - Pre-sales or SOW readiness exposure preferred - Strong external customer stakeholder management experience 2 to 3 Tech stacks to cover (professional services perspective) - Infrastructure as Code (IaC) & DevSecOps - Enterprise Management Stack & Observability - Container Platforms - High Performance Computing (HPC) - Public Cloud Services - Azure Hybrid Services - Application Modernization & Migration - Database Modernization & Migration - Application Packaging & Operations Key Responsibilities 1. Professional Services Program Delivery Owns end-to-end program delivery for cloud platform and application engineering engagements. Manages scope, schedule, cost, quality, and risk aligned to SOW commitments and coordinates multiple parallel workstreams. 2. Pre-Sales Support & SOW Readiness Supports pre-sales activities prior to SOW sign-off by reviewing delivery approaches, validating estimates and timelines, identifying dependencies, risks, and assumptions, and ensuring sales-to-delivery continuity. 3. Financial & Commercial Governance Manages program-level financial tracking including budget vs actuals, billing milestones, forecasting accuracy, burn rate management, and scope/change control in accordance with Professional Services governance. 4. External Stakeholder & Ecosystem Management Acts as the primary delivery interface for customer stakeholders and delivery partners. Leads governance forums, status and risk reviews, escalation management, and communicates progress and outcomes in business-focused language. 5. Team Coordination & Mentorship Coordinates internal, partner, and subcontractor delivery teams without direct reporting authority. Mentors project managers and technical leads on planning rigor, execution discipline, and customer engagement best practices. Education & Experience - Bachelorâs degree (any discipline) - 15+ years of Professional Services delivery project management experience - PMP certification (mandatory) - Agile / Scrum certification preferred - ITIL Foundation or Cloud fundamentals certifications preferred Technical Knowledge Expectations Working-level understanding of IaC and DevSecOps practices, container platforms, public cloud and Azure hybrid architectures, application and database modernization concepts, enterprise observability, and unified communications. Able to assess dependencies, risks, and delivery trade-offs without hands-on implementation responsibility.","['azure', 'agile']","['scrum', 'cloud']",15.0,,junior,CHENNAI,India,hybrid,internship,Bachelors,Business / Management,IT Services & Consulting,,,INR,"Wed, 04 Ma",True,,,,False
00066669901,Delivery Lead,Cognizant,Job Summary NA Responsibilities NA,[],[],,,lead,BANGALORE,India,onsite,full-time,,,IT Services & Consulting,,,INR,"Tue, 03 Fe",True,,,,False
00067519422,Sr. Software Engineer B3,Cognizant,Job Summary As a Sr. Software Engineer B3 you will play a pivotal role in designing and developing cutting-edge software solutions for the retail banking sector. With a focus on AWS Spring Boot Java and JavaScript you will leverage your extensive experience to drive innovation and efficiency in our hybrid work model. Your contributions will directly impact the companys mission to enhance customer experiences and streamline banking operations. Responsibilities Develop robust software applications using AWS Spring Boot Java and JavaScript to meet the dynamic needs of retail banking clients. Collaborate with cross-functional teams to ensure seamless integration of software solutions within existing banking systems. Implement best practices in coding and software design to enhance performance and scalability of banking applications. Analyze user requirements and translate them into technical specifications for software development projects. Conduct thorough testing and debugging of applications to ensure high-quality deliverables and minimize downtime. Optimize software solutions for maximum efficiency and reliability in a hybrid work environment. Provide technical guidance and support to junior engineers fostering a culture of continuous learning and improvement. Stay updated with the latest industry trends and technologies to incorporate innovative solutions into banking software. Ensure compliance with regulatory standards and security protocols in all software development activities. Collaborate with stakeholders to gather feedback and make necessary adjustments to software applications. Drive the adoption of agile methodologies to enhance project delivery timelines and outcomes. Utilize your domain expertise in retail banking to develop solutions that address specific industry challenges. Contribute to the companys purpose by enhancing customer satisfaction and operational efficiency through innovative software solutions. Qualifications Demonstrate proficiency in AWS Spring Boot Java and JavaScript with a minimum of 12 years of experience. Possess in-depth knowledge of retail banking processes and systems ensuring relevant software solutions. Exhibit strong analytical skills to translate complex requirements into effective technical solutions. Showcase excellent problem-solving abilities to address software development challenges efficiently. Display effective communication skills to collaborate with diverse teams and stakeholders. Demonstrate a commitment to continuous learning and staying abreast of technological advancements. Possess a strong understanding of software development life cycle and agile methodologies. Certifications Required AWS Certified Solutions Architect Java SE 11 Developer Certification,"['java', 'javascript']","['aws', 'agile', 'spring boot']",12.0,,lead,BANGALORE,India,hybrid,full-time,,Electrical / Electronics,IT Services & Consulting,,,INR,"Wed, 18 Ma",True,,,,False
00066316831,Java Full stack developer with Angular,Cognizant,Job Summary We are seeking a Sr. Software Engineer with 6 to 10 years of experience to join our team. The ideal candidate will have expertise in Angular MSBI/SSIS Admin Core Java and Java with a strong background This role offers the opportunity to work on cutting-edge projects contributing to the development of innovative solutions that enhance our services positively. Responsibilities Develop and maintain high-quality software solutions using GCP Angular and Java technologies to meet business requirements. Collaborate with cross-functional teams to design implement and optimize software applications for the mortgage loan domain. Utilize MSBI/SSIS Admin skills to manage and streamline data integration processes ensuring data accuracy and availability. Implement best practices in software development including code reviews testing and documentation to ensure robust and maintainable code. Analyze and resolve complex technical issues providing timely solutions to ensure minimal disruption to business operations. Participate in the full software development lifecycle from requirements gathering to deployment and support ensuring alignment with project goals. Contribute to the continuous improvement of development processes identifying opportunities for automation and efficiency gains. Stay updated with the latest industry trends and technologies applying new knowledge to enhance software solutions and processes. Work closely with stakeholders to understand business needs and translate them into technical specifications and solutions. Provide technical guidance and mentorship to junior team members fostering a collaborative and knowledge-sharing environment. Ensure compliance with company policies and industry regulations maintaining the highest standards of data security and privacy. Engage in regular communication with team members and management to report progress challenges and opportunities for improvement. Support the hybrid work model by effectively managing time and resources balancing remote and in-office work requirements. Qualifications Possess a strong background in GCP Angular 13-16 and Core Java with proven experience in developing scalable applications. Demonstrate expertise in MSBI/SSIS Admin with the ability to manage complex data integration tasks efficiently. Have a solid understanding of the mortgage loan domain with experience in developing solutions tailored to this industry. Exhibit excellent problem-solving skills with the ability to analyze and resolve technical challenges effectively. Show proficiency in software development best practices including testing documentation and code quality assurance. Display strong communication skills with the ability to collaborate effectively with cross-functional teams and stakeholders. Maintain a proactive approach to learning and adapting to new technologies and industry trends.,['java'],"['angular', 'gcp']",6.0,10.0,senior,CHENNAI,India,hybrid,full-time,,Business / Management,IT Services & Consulting,,,INR,"Tue, 17 Ma",True,,,,False
00066822353,Google Dialogflow Senior Developer,Cognizant,"Greeting from Cognizant. We are hiring on Google Dialogflow. Skill:- Google Dialogflow Experience:- 6 Years to 12 Years Location:- Hyderabad, Bangalore, Pune, Chennai, Kolkata, Noida, Gurgaon, Mumbai, Coimbatore Job Description:- Experience building call center / collaboration / telephony platforms in a Cloud or On-Premises environment 1. Hands on Experience building Bots using Google DF Platform and integrate with Genesys PureCloud or any IVR system 2. Experience using Google DF and REST API for building the Bots 3. Working Experience in Google dialog workflows for interaction and routing 4. Development experience in Java, node.js would be must for Integration 5. Experience in integrating to Core platforms for Self-services in IVR, Bot etc., by developing REST API's using Node JS 6. Knowledge in Contact centre technologies (including CRM and WFM) would be an added advantage 7. Experience in DevOps deployment pipes in MS Azure or AWS, would be must for this role 8. Experience in Agile frameworks, story boards, projects would be an added advantage 9. Knowledge on various components of Google CCAI. MomentCXCRM","['java', 'node.js', 'aws', 'azure', 'agile']","['rest api', 'devops', 'api', 'cloud', 'crm']",6.0,,senior,CHENNAI,India,hybrid,full-time,Masters,Business / Management,IT Services & Consulting,,,INR,"Sat, 07 Fe",True,,,,False
00068110281,Sr. Software Engineer B3,Cognizant,Job Summary We are seeking a highly skilled Sr. Software Engineer with 9 to 10 years of experience to join our team. The ideal candidate will have expertise in Angular JS AWS SQL Spring Boot Java JavaScript and mySQL with a strong background in the Telecom domain. This hybrid role offers the opportunity to work on cutting-edge projects that drive innovation and efficiency in the telecommunications industry contributing to our companys growth and impact on society. Responsibilities Develop and maintain high-quality software solutions using Angular JS Java and Spring Boot to meet business requirements. Collaborate with cross-functional teams to design and implement scalable applications on AWS. Utilize SQL and mySQL to manage and optimize database performance for telecom applications. Ensure code quality and maintainability through rigorous testing and code reviews. Troubleshoot and resolve complex technical issues to ensure seamless application performance. Contribute to the continuous improvement of software development processes and practices. Stay updated with the latest industry trends and technologies to enhance application functionality. Work closely with stakeholders to gather and analyze requirements for telecom projects. Provide technical guidance and mentorship to junior developers to foster team growth. Implement best practices for security and data protection in software applications. Participate in agile development processes including sprint planning and retrospectives. Document software designs and architectures to facilitate knowledge sharing and collaboration. Drive innovation by proposing new ideas and solutions to enhance telecom services. Qualifications Possess a strong understanding of Angular JS Java and Spring Boot for developing robust applications. Demonstrate expertise in AWS for deploying and managing scalable cloud solutions. Have extensive experience with SQL and mySQL for efficient database management. Show proficiency in JavaScript for creating dynamic and interactive user interfaces. Exhibit a deep understanding of the Telecom domain to deliver industry-specific solutions. Display excellent problem-solving skills to address complex technical challenges. Maintain effective communication skills to collaborate with diverse teams.,"['java', 'javascript', 'angular', 'sql']","['mysql', 'aws', 'agile', 'spring boot', 'cloud']",9.0,10.0,lead,BANGALORE,India,hybrid,full-time,,Business / Management,IT Services & Consulting,,,INR,"Wed, 25 Ma",True,,,,False
REF79129L,L3 Network Engineer (Access Services) (m/f/d),Continental,"The L3 Network Engineer will be responsible for managing and maintaining our network infrastructure for VPN and Business Partner Access. This includes overseeing VPN gateways, firewalls and load balancers, Site-to-Site tunnels, maintenance of request portal, monitoring, backup and restore processes. The role also involves performing hardware patching, configuring network infrastructure, handling 3rd level IT tickets, and coordinating with external partners. You will work in a dynamic, collaborative environment, setting of in the direction of DevOps and agile working. In detail your tasks include: Service Management: Driving escalation and problem management processes, coordinating complex incident and problem resolution with internal IT teams and external service providers, providing expert resolution and support. Prepare changes to the environment and maintain detailed documentation of network configurations, processes, and procedures. Steer and coordinate with external partners to ensure seamless integration and support of network services. Stakeholder Management: Assisting customers with process improvements, documentation, training and usability efforts. Network Management: Oversee and manage VPN gateways, firewalls, maintenance of request portal and Site-to-Site tunnels. Conduct hardware patching and configuration of complex network infrastructure to maintain optimal performance and security. Monitoring and Maintenance: Ensure and perform regular monitoring, backup and restore operations to ensure network stability and data integrity. Documentation: Maintain detailed documentation of the Access services, including processes, procedures, and user guides. Continuous Improvement: Performing feasibility studies and IT concepts, market research and vendor evaluations.
Education in IT and network areas. Preferred Qualifications: - Certifications such as CCNP, CCIE, or equivalent. - Experience with network security solutions and protocols. Minimum of 2 years of experience in network engineering or a related role, with a focus on VPN gateways, firewalls and load balancers, and complex network infrastructures. Skills: - Strong understanding of VPN technologies and firewall configurations. - Experience with MS Guest Accounts and Site-to-Site VPN tunnels. - Ability to solve complex network problems/issues using appropriate diagnostic and monitoring tools. - Ability to handle complex IT tickets and provide expert-level support. - Proficient in English, both spoken and written and intercultural sensitivity. - Experience in automation for on-premise and virtual environments (e.g., Ansible, Terraform) is a plus. Experience in managing external service providers and a very good understanding of IT compliance and data security topics. Knowledge in agile frameworks, ITSM processes and DevOps (automation, infrastructure/configuration as code) is a plus.
Being part of a global IT team of thousands of colleagues working on various innovations and tasks, there is always an opportunity to grow and move into different directions within our corporation. Among others, you can expect the following benefits: Hybrid work arrangement - Opportunities for remote work, flexible hours, or compressed workweeks to achieve better work-life balance Career growth opportunities – Clear paths for career advancement within the organization, with opportunities for promotion and skill development Work-Life Balance - Policies and practices that promote work-life balance, such as parental leave, and wellness programs. Global exposure - Opportunity to work and learn with a global team New work style - World class office infrastructure with canteen , medical, transportation and gym on-site Attractive employee benefit policies such as Leave Policy, Group Mediclaim Insurance Policy, Mediclaim for Employee's Parents, Group Personal Accident Policy , Higher Education Policy, Sabbatical Leave, R & R, Car Lease Policy, Employees Tires Discount Program, Annual Health Checkup If this sounds like a perfect match for you and if you want to become the next supporter of our core values Trust For One Another, Passion to Win and Freedom to Act, we are looking forward receiving your application. Ready to drive with Continental? Take the first step and fill in the online application.","['agile', 'terraform']","['ansible', 'r', 'devops']",2.0,,junior,Bengaluru,India,hybrid,internship,,Electrical / Electronics,Automotive / Engineering,,,INR,2025-03-20,True,,,,False
REF90225S,Teamcenter Server Customization Consultant,Continental,"For our IT Competence Center for Research and Development we are looking for a highly dedicated Teamcenter Developer to join our strong and motivated team in Bengaluru, India. Teamcenter is a widely used tool for product data management. It serves as the main framework within IT CC R&D for developing applications that support processes such as tire and material specification, mold specification, and digital solutions. To meet Continental’s business needs, a significant amount of customization has been implemented on top of the standard Teamcenter product. This position is essential to address the growing demand for Teamcenter customization and upgrade projects. Additionally, it ensures that the expertise gained in Teamcenter remains within the department and is effectively shared across the team. Responsibility Teamcenter Development Implement solutions for Teamcenter server side customization based on requirements. Write design documents for the Teamcenter-based implementation. Teamcenter Upgrades/Migration Support application teams in Teamcenter upgrades. Assist application teams in migrating Teamcenter clients from RAC to Active Workspace. Projects Participate as a team member in IT software projects using the Teamcenter platform. Support project teams by sharing expertise on Teamcenter customization. Identify and propose optimizations for existing Teamcenter customizations. Trainings Ensure that the knowledge gained from Teamcenter implementation is transferred to internal application teams. Skills Required Technical Expertise: Teamcenter Server-Side Customization : Expert-level proficiency in ITK, C, C++, and BMIDE-based coding for backend development and integration. BMIDE Configuration : Advanced experience in configuring Teamcenter data models, business rules, and templates using BMIDE. Teamcenter Modules : Advanced knowledge of core modules including Organization, Workflow Designer, Access Manager, Query Builder, and PLMXML/TCXML. Client-Side Customization : Basic familiarity with customizing Teamcenter Rich Client (RAC) and Active Workspace using Java, JavaScript, and HTML. Software Engineering Fundamentals : Basic understanding of software development principles, version control, and testing methodologies. Additional Skills: Ability to work collaboratively in cross-functional teams. Strong problem-solving skills and attention to detail. Good communication skills for technical documentation and stakeholder interaction.
Qualifications Bachelor's degree in Computer Science, Information Technology, or a related field. Proven experience in Teamcenter customization and implementation. Strong analytical and problem-solving skills. Excellent communication and teamwork abilities. Ability to work in a fast-paced and dynamic environment. Preferred Qualifications Experience with Teamcenter upgrades and migrations. Familiarity with Agile methodologies. Prior experience in training and knowledge transfer.
Being part of a global IT team of thousands of colleagues working on various innovations and tasks, there is always an opportunity to grow and move into different directions within our corporation. Among others, you can expect the following benefits: Hybrid work arrangement - Opportunities for remote work, flexible hours, or compressed workweeks to achieve better work-life balance Career growth opportunities – Clear paths for career advancement within the organization, with opportunities for promotion and skill development Work-Life Balance - Policies and practices that promote work-life balance, such as parental leave, and wellness programs. Global exposure - Opportunity to work and learn with a global team New work style - World class office infrastructure Attractive employee benefit policies such as Leave Policy, Group Mediclaim Insurance Policy, Mediclaim for Employee's Parents, Group Personal Accident Policy , Higher Education Policy, Sabbatical Leave, R & R, Car Lease Policy, Employees Tires Discount Program, Annual Health Checkup If this sounds like a perfect match for you and if you want to become the next supporter of our core values Trust For One Another, Passion to Win and Freedom to Act, we are looking forward receiving your application. Ready to drive with Continental? Take the first step and fill in the online application. Ready to drive with Continental? Take the first step and fill in the online application.","['java', 'javascript']","['agile', 'r']",,,junior,Bengaluru,India,hybrid,internship,Bachelors,Computer Science / IT,Automotive / Engineering,,,INR,2025-10-28,True,,,,False
REF87566T,Team Member,Continental,"Assistance with adjustment, operation and supervision of machines according to regulations (factory data collection (FDC or TSOP), work instruction), under consideration of qualitative and punctual completion of order Sets up the machine according to setting-up plan of machine Quality controls according to TSOP, in case of deviation report to superior Supervision of technical state and flawless function of machine Commission of actions in case of technical errors and report to superior Checks the safety installations, Separates material with failures Performs and ensures the quality controls according to inspection plan and regulations Performs and ensures the proper recording of manufacturing and testing documentation Perform sand ensures the optical control on defects of the product including. marking their position Separation of defective product Professional dealing with resources, auxiliary, residual and operating materials Supply and disposal of subassembly, pre-product, resources, auxiliary, residual and operating materials Supply of tools in time Compliance and seizure of procedures defined in function manual resp. IMS
Diploma in Mechanical , Plastic .
1 years above working experience in a similar role within automotive industry or chemical industry. Know about the Lean Production, 5S, PDCA. Knowledge in polymer process as a plus. Ready to drive with Continental? Take the first step and fill in the online application.",[],[],1.0,,mid,Satara ,India,onsite,full-time,Diploma,Mechanical,Automotive / Engineering,,,INR,2025-08-14,True,,,,False
REF88138B,IT architect PowerBI,Continental,"Define, implement, and govern enterprise-scale Power BI architecture and development standards across all business functions globally Bridge business reporting needs with scalable, secure, and governed technical solutions using Power BI, in alignment with the overall Azure- & Databricks-based data platform strategy Promote standardization, reusability, and maintainability of semantic models, datasets, and reporting components Enable enterprise-wide data democratization by establishing shared datasets, certified content, and a strong ""Power BI as-code"" delivery framework Reports to: Head of Data & Analytics Collaborates with: Power BI developers, data engineers, DevOps engineers, and business-side data domain owners, lead architect (data and analytics) & lead data engineers. Geographic scope: Global (all business functions including operations, sales, engineering, R&D, HR, finance, and procurement) Platform scope: Power BI service (including tenant configuration, workspace strategy, enterprise gateway infrastructure, REST APIs, deployment tooling) interfacing closely with Azure Databricks, and related Azure-native services Main Tasks - Design and maintain Power BI architectural standards and integration patterns with Azure Databricks and other platform components - Define approaches to shared datasets, semantic models, and certified content - Guide workspace strategy and capacity planning for global scalability and access control - Define and enforce governance policies (naming conventions, workspace lifecycle, role-based access controls) - Establish reusable patterns and standards for semantic model design and report lifecycle - Support tenant-wide reviews and configuration of security, sharing, and compliance settings - Promote “Power BI as code” through versioning, deployment automation, and reuse of assets - Provide templates, CI/CD integration patterns, and developer guidelines for internal Power BI teams - Enable the setup and governance of shared semantic models to minimize duplication and manual effort - Design and support solutions for hybrid connectivity using enterprise gateways - Define secure and performant refresh strategies for hybrid and direct query models - Support DevOps engineers in operational monitoring and incident resolution for gateway-related dependencies - Serve as technical liaison to business-side data domain owners and reporting teams - Ensure Power BI strategy aligns with broader data platform architecture and governance - Drive adoption of best practices and provide architectural oversight to internal Power BI developers
Education / Certification: Degree in Computer Science, Information Systems, Business Intelligence, or related field Preferred: Microsoft Certified – Power BI Data Analyst Associate or equivalent Power Platform certifications Professional Experience: Minimum 5 years in designing and delivering enterprise Power BI solutions Proven experience in defining reusable models, governance policies, and deployment standards Project or Process Experience: Experience leading or supporting Power BI initiatives across multiple business domains and geographies Deep familiarity with implementation patterns in hybrid reporting environments (cloud/on-prem) Leadership Experience: Demonstrated architectural leadership across technical teams and business stakeholders; influence through standards and best practices rather than direct reporting lines Intercultural / International Experience: Experience working in global organizations with cross-functional teams across time zones and cultures
The well-being of our employees is important to us. That's why we offer exciting career prospects and support you in achieving a good work-life balance with additional benefits such as: Training opportunities Mobile and flexible working models Sabbaticals and much more... Sounds interesting for you? Click here to find out more. Diversity, Inclusion & Belonging are important to us and make our company strong and successful. We offer equal opportunities to everyone - regardless of age, gender, nationality, cultural background, disability, religion, ideology or sexual orientation. Ready to drive with Continental? Take the first step and fill in the online application.","['azure', 'power bi', 'r']","['databricks', 'ci/cd', 'devops', 'cloud']",5.0,,junior,Bengaluru,India,hybrid,internship,,Computer Science / IT,Automotive / Engineering,,,INR,2025-11-04,True,,,,False
REF88139F,IT engineer Data & Analytics DevOps,Continental,"Ensure stable, scalable, and secure operation of the Azure-based Data & Analytics platform, including Databricks, Azure-native components, Power BI, and CI/CD infrastructure Offload operational workload from platform architects by taking ownership of infrastructure, deployment automation, and pipeline reliability Enable smooth execution and troubleshooting of data pipelines written in Scala and PySpark, including hybrid integration scenarios such as Power BI with gateway infrastructure Reports to: Head of Data & Analytics IT Competence Center Collaborates with: Platform Architects, Data Engineers, ML Engineers, Power BI Developers Geography: Global (stakeholders in Germany, India, Manila) Operational Scope: Azure services, Databricks workspaces, CI/CD toolchains, Power BI service (incl. gateways), and Spark-based data pipelines Main Tasks - Operate and optimize Azure resources (ADF, Key Vault, Monitor, Event Hub) - Administer Databricks workspace access and cluster configs - Apply Infrastructure-as-Code (Terraform/Bicep) - Manage CI/CD pipelines for Scala and PySpark-based pipelines - Integrate build steps (e.g., Maven/SBT, Python wheels) into automated deployments - Enforce DevSecOps and IaC standards - Monitor Spark job execution, analyze failures and stage-level issues using Spark UI and logs - Configure alerts, metrics, and dashboards for pipelines and infrastructure - Lead post-incident reviews and reliability improvements - Administer Power BI tenant configuration, workspace access, and usage monitoring - Operate and monitor on-premises or VM-hosted enterprise gateways - Troubleshoot dataset refreshes and hybrid data integration - Support runtime execution of production pipelines and ensure SLA adherence - Collaborate with engineers to resolve Spark performance issues or deployment errors - Participate in schema evolution and environment transitions - Enforce platform policies (tagging, RBAC, audit logging) - Maintain credential and secrets security using Key Vault and managed identity - Conduct audits across Azure, Databricks, and Power BI environments
Education / Certification: Bachelor’s or Master’s degree in Computer Science, Engineering, Information Systems, or related field. Preferred: Azure DevOps Engineer Expert, Power BI Admin, or Databricks Admin certifications Professional Experience: Minimum 5 years in cloud platform engineering, DevOps, or SRE roles within data or analytics platforms Hands-on experience with Spark (Databricks), PySpark, and CI/CD for JVM-based data applications Project or Process Experience: Proven ability to deploy and operate complex data pipeline ecosystems using Scala and PySpark Experience in managing Power BI service in enterprise setups, including hybrid gateway environments Leadership Experience: No formal people leadership required; expected to lead through technical authority and cross-team collaboration Intercultural / International Experience: Experience working in distributed teams across time zones and cultures; strong communication skills and resilience
The well-being of our employees is important to us. That's why we offer exciting career prospects and support you in achieving a good work-life balance with additional benefits such as: Training opportunities Mobile and flexible working models Sabbaticals and much more... Sounds interesting for you? Click here to find out more. Diversity, Inclusion & Belonging are important to us and make our company strong and successful. We offer equal opportunities to everyone - regardless of age, gender, nationality, cultural background, disability, religion, ideology or sexual orientation. Ready to drive with Continental? Take the first step and fill in the online application.","['python', 'azure', 'power bi', 'spark', 'terraform']","['scala', 'databricks', 'ci/cd', 'devops', 'data pipeline', 'cloud']",5.0,,junior,Bengaluru,India,hybrid,internship,Masters,Computer Science / IT,Automotive / Engineering,,,INR,2025-11-04,True,,,,False
REF83126B,Team Leader ,Continental,"Assistance with adjustment, operation and supervision of machines according to regulations (factory data collection (FDC or TSOP), work instruction), under consideration of qualitative and punctual completion of order Sets up the machine according to setting-up plan of machine Quality controls according to TSOP, in case of deviation report to superior Supervision of technical state and flawless function of machine Commission of actions in case of technical errors and report to superior Checks the safety installations, Separates material with failures Performs and ensures the quality controls according to inspection plan and regulations Performs and ensures the proper recording of manufacturing and testing documentation Perform sand ensures the optical control on defects of the product including. marking their position Separation of defective product Professional dealing with resources, auxiliary, residual and operating materials Supply and disposal of subassembly, pre-product, resources, auxiliary, residual and operating materials Supply of tools in time Compliance and seizure of procedures defined in function manual resp. IMS
Diploma in Mechanical , Plastic .
1 years above working experience in a similar role within automotive industry or chemical industry. Know about the Lean Production, 5S, PDCA. Knowledge in polymer process as a plus. Ready to drive with Continental? Take the first step and fill in the online application.",[],[],1.0,,lead,Satara ,India,onsite,full-time,Diploma,Mechanical,Automotive / Engineering,,,INR,2025-11-07,True,,,,False
REF92739B,Team Member- Electrical Maintenance,Continental,"1. Maintenance and troubleshooting of plant machines & equipments- 2. Advantage if experience in Maintenance and troubleshooting of Plant Utilities & facilities- Like- Exhaust systems, Power system & cabinets, Diesel Generator, ETP & STP, HVAC, Cooling towers & Ventilation systems, MHE's 3. Power Distribution cabinets, High & low voltage components & circuits, Busbar Trunking & Motors with speed reducers. Electrical System & wiring 4. Projects contribution, Support & execution, Understanding of Drawings 5. PLC ladder & SCADA expertise to understand electrical / electronic circuits and trouble shooting 6. Work & Operating Experience on Fire Protection (hydrant, detection) System & its accessories 7. Maintaining & contributing for Safety standards, Statutory Requirement, validation  & ensuring meeting required Quality Standards in day to day activity 8. Spare management
Diploma in Electrical / Electronics (4 - 5 Yrs Exp), Added advantage if experience in polymer, printing industry & knowledge on PLC with its programming Work in all shifts flexibly when job demands Added advantage if bears Electrical Supervisor License
Planning spares, Spare receipt, consumption record keeping & monitoring spares inventory. .Able to Prepare & request parts fabrication by machine, sheet or wood shops, parts sketches and write work orders - purchase requests as and when required. Executing all Preventive, Predictive, Corrective & Breakdowns Maintenance of machine. Contributing in Maintaining & improving MTTR, MTBF, Derived KPI. Record test procedures and results, numerical and graphical data, calculating, tabulating information or data. PLC knowledge and controls related trouble shooting. Able to understand PLC program and well knowledge on SCADA Responsible for standby equipment, maintenance store, Spare part management. Raising requests, purchases and inventory in equipment parts, Familiar with functional standards, laws & regulations requirements as applicable ensuring compliant. Repair and perform preventive maintenance to all equipment as per established standards. Ensure related all operations, standards and controls are maintained at high quality. Using relevant information and individual judgment to determine whether events or processes comply with laws, regulations, or standards. Breakdown data collection, Root cause analysis, history card maintain and Why why analysis. Updating the records such as Daily reports / checklist, Equipment History cards, PM Check sheets as per PM schedule. Maintaining all record updated for Repair. Entering, transcribing, recording, storing and maintaining information in written, electronic, hard copies as required Active participation of quality measures for maintenance dept in regards with system deliverables like power, resource & utilities requirements. Improvement and cost saving ideas generation and implementation. Able to Handle HT-LT related activities independently & Co-ordination with State Electricity Board and other related statutory authorities perform work in the repair, maintenance, service, modification, troubleshooting, inspection and monitoring of the operation of hydraulic systems and components, chillers, fan motors, pump, motors, electric controls and associated safety and equipment protection devices. To provide support to the other maintenance functions which need immediate attention. Co-ordinate with the AMC vendors for any break down and preventive maintenance Awareness or competence on IATF-16949, OHSAS, ISO 50001, Local-State-Central Body Acts & rules Installing equipment, machines, wiring, or programs to meet specifications. Knowledge on and exposure to industrial practices like lock out tag out, fall arrest, confined space, MSDS, ladder safety, emergency evacuation, To respond to work orders in a timely and courteous manner. Providing information to supervisors, co-workers, and subordinates by telephone, in written form, e-mail & in person. Ready to drive with Continental? Take the first step and fill in the online application.",[],[],,,senior,Dist-Satara,India,onsite,full-time,Diploma,Electrical / Electronics,Automotive / Engineering,,,INR,2026-01-07,True,,,,False
REF83150O,IT engineer data lakehouse,Continental,"- Design, develop, and operate scalable and maintainable data pipelines in the Azure Databricks environment - Develop all technical artefacts as code, implemented in professional IDEs, with full version control and CI/CD automation - Enable data-driven decision-making in Human Resources (HR), Purchasing (PUR) and Finance (FIN) by ensuring high data availability, quality, and reliability - Implement data products and analytical assets using software engineering principles in close alignment with business domains and functional IT - Apply rigorous software engineering practices such as modular design, test-driven development, and artifact reuse in all implementations - Global delivery footprint; cross-functional data engineering support across HR, PUR & FIN domains - Collaboration with business stakeholders, functional IT partners, product owners, architects, ML/AI engineers, and Power BI developers - Agile, product-team structure embedded in an enterprise-scale Azure environment Main Tasks: • Design scalable batch and streaming pipelines in Azure Databricks using PySpark and/or Scala • Implement ingestion from structured and semi-structured sources (e.g., SAP, APIs, flat files) • Build bronze/silver/gold data layers following the defined lakehouse layering architecture & governance • Implement use-case driven dimensional models (star/snowflake schema) tailored to HR, PUR & FIN needs • Ensure compatibility with reporting tools (e.g., Power BI) via curated data marts and semantic models • Implement enterprise-level data warehouse models (domain-driven 3NF models) for HR, PUR & FIN data, closely aligned with data engineers for other business domains • Develop and apply master data management strategies (e.g., Slowly Changing Dimensions) • Develop automated data validation tests using frameworks • Monitor pipeline health, identify anomalies, and implement quality thresholds • Establish data quality transparency by defining and implementing meaningful data quality rules with source system and business stakeholders and implementing related reports • Develop and structure pipelines using modular, reusable code in a professional IDE • Apply test-driven development (TDD) principles with automated unit, integration, and validation tests • Integrate tests into CI/CD pipelines to enable fail-fast deployment strategies • Commit all artifacts to version control with peer review and CI/CD integration • Work closely with Product Owners to refine user stories and define acceptance criteria • Translate business requirements into data contracts and technical specifications • Participate in agile events such as sprint planning, reviews, and retrospectives • Document pipeline logic, data contracts, and technical decisions in markdown or auto-generated docs from code • Align designs with governance and metadata standards (e.g., Unity Catalog) • Track lineage and audit trails through integrated tooling • Profile and tune data transformation performance • Reduce job execution times and optimize cluster resource usage • Refactor legacy pipelines or inefficient transformations to improve scalability
Degree in Computer Science, Data Engineering, Information Systems, or related discipline. Certifications in software development and data engineering (e.g., Databricks DE Associate, Azure Data Engineer, or relevant DevOps certifications). 3–6 years of hands-on experience in data engineering roles in enterprise environments. Demonstrated experience building production-grade codebases in IDEs, with test coverage and version control. Proven experience in implementing complex data pipelines and contributing to full lifecycle data projects (development to deployment) Experience in at least one business domain: HR, PUR & FIN or a comparable field Not required; however, experience mentoring junior developers or leading implementation workstreams is a plus Experience working in international teams across multiple time zones and cultures, preferably with teams in India, Germany, and the Philippines.
The well-being of our employees is important to us. That's why we offer exciting career prospects and support you in achieving a good work-life balance with additional benefits such as: Training opportunities Mobile and flexible working models Sabbaticals and much more... Sounds interesting for you? Click here to find out more. Diversity, Inclusion & Belonging are important to us and make our company strong and successful. We offer equal opportunities to everyone - regardless of age, gender, nationality, cultural background, disability, religion, ideology or sexual orientation. Ready to drive with Continental? Take the first step and fill in the online application.","['azure', 'agile', 'power bi', 'sap', 'scala']","['snowflake', 'databricks', 'ci/cd', 'devops', 'data engineering']",3.0,6.0,junior,Bengaluru,India,onsite,internship,Masters,Computer Science / IT,Automotive / Engineering,,,INR,2025-05-23,True,,,,False
REF89976N,ITSM Specialist,Continental,"We are seeking a detail-oriented and analytical ITSM Specialist to join our team in Timisoara, Romania. As an ITSM Specialist, you will play a crucial role in optimizing our IT service management processes and ensuring efficient delivery of IT services across the organization. Implement and maintain ITIL-based processes and best practices Manage and optimize service management tools, such as BMC Helix Analyze IT service performance metrics and generate reports for continuous improvement Collaborate with cross-functional teams to identify and resolve IT service issues Develop and maintain documentation for ITSM processes and procedures Conduct regular audits of ITSM processes to ensure compliance and effectiveness Provide training and support to IT staff on ITSM tools and processes Participate in incident, problem, change, knowledge, and other process management activities Contribute to the development of service level agreements (SLAs) and key performance indicators (KPIs) Stay up-to-date with industry trends and emerging technologies in ITSM
Bachelor's degree in Information Technology, Computer Science, or a related field ITIL certification (preferably ITIL V3 Foundation or higher) 1-2 years of experience in IT Service Management concepts or practices Strong knowledge of ITIL framework and IT service management best practices Experience with process improvement methodologies and implementation Familiarity with ITSM process implementation and optimization, including one or more non-ITIL frameworks Strong data analysis and reporting capabilities Proficiency in service management tools such as BMC Helix High level of analytical, critical-thinking, and problem-solving skills Effective communication skills, both written and verbal, oriented to Process and Project Management, Procedures, and Collaboration Basic familiarity in one or more technical IT operations and support areas, e.g. networks, servers, workplace, applications, IT audit, cybersecurity, etc. User level expertise with software/hardware capabilities for utilization of networks and data
Ready to drive with Continental? Take the first step and fill in the online application.",[],[],1.0,2.0,senior,Bengaluru,India,onsite,full-time,Bachelors,Computer Science / IT,Automotive / Engineering,,,INR,2026-02-20,True,,,,False
REF84993W,Automation Platform Engineer,Continental,"Main Targets: 1. Ensure stability, availability, and scalability of the UiPath automation platform 2. Implement and sustain resilient automation architectures 3. Automate platform operational tasks and streamline delivery pipelines 4. Enforce platform security, compliance, and data protection 5. Monitor, diagnose, and resolve platform incident 6. Provide self‑service platform capabilities for development and automation teams Main Tasks: Support Automation consultants and developer to establish proper Data - & Application Architecture for defined Automation ▪Ensure that the various automation tools work in an integrated way (e.g. interface - & API management) ▪Design and implement UiPath platform architectures across cloud, on‑premises, or hybrid environments. ▪Ensure the platform meets performance, scalability, and availability requirements. ▪Monitor, maintain, and upgrade platform components, ensuring continuous and stable operation. ▪Implement observability, alerting, and diagnostic capabilities for proactive issue resolution. ▪Troubleshoot platform incidents, performance issues, and integration failures. ▪Develop and enhance CI/CD pipelines supporting automation deployment and platform updates. ▪Automate operational tasks to increase efficiency and reduce manual overhead. ▪Document deployment designs, operational procedures, platform diagrams, and technical guidelines. ▪Establish and enforce infrastructure and automation standards across environments. ▪Apply corporate security standards, access policies, and compliance controls to all UiPath components. ▪Manage certificates, authentication configurations, and network requirements. ▪Active communication and knowledge sharing with related roles and automation community ▪Strong Cooperation with internal customers of the automation platform (technical) ▪Strong collaboration with (external) providers for service support ▪Utilize cloud and infrastructure knowledge to support on Low Code (Mendix) platform
Required Qualifications To be considered for this role, candidates should meet the following qualifications: Bachelor's degree in Information Technology, Information Systems, Business Administration, or related fields. Solid Experience with Process Automation (RPA) Solid Experience with software architecture and engineering Experience with Low Code Application (Mendix) and Python Good communication skills, ability to work in teams and project management. Leading Project Teams
Ready to drive with Continental? Take the first step and fill in the online application.","['python', 'ci/cd']","['api', 'cloud']",,,junior,Bengaluru,India,hybrid,internship,Bachelors,Computer Science / IT,Automotive / Engineering,,,INR,2026-03-23,True,,,,False
R-98914,Consultant/Senior Consultant - ServiceNow,Eli Lilly,"At Lilly, we unite caring with discovery to make life better for people around the world. We are a global healthcare leader headquartered in Indianapolis, Indiana. Our employees around the world work to discover and bring life-changing medicines to those who need them, improve the understanding and management of disease, and give back to our communities through philanthropy and volunteerism. We give our best effort to our work, and we put people first. We’re looking for people who are determined to make life better for people around the world. About Lilly At Lilly, we unite caring with discovery to make life better for people around the world. We are a global healthcare leader headquartered in Indianapolis, Indiana. Our employees around the world work to discover and bring life-changing medicines to those who need them, improve the understanding and management of disease, and give back to our communities through philanthropy and volunteerism. We give our best effort to our work, and we put people first. We’re looking for people who are determined to make life better for people around the world. About the IT Organization: Technology at Lilly builds and maintains capabilities using cutting edge technologies like most prominent tech companies. What differentiates Technology at Lilly is that we create new possibilities through tech to advance our purpose – creating medicines that make life better for people around the world, like data driven drug discovery and connected clinical trials. We hire the best technology professionals from a variety of backgrounds, so they can bring an assortment of knowledge, skills, and diverse thinking to deliver innovative solutions in every area of the enterprise. Digital Core is at the forefront of digitalization to enable and advance the entire company, with increased productivity and best-in-class Customer experiences. This team provides a robust and sustainable infrastructure of hardware, software and services that are critical to enable our global workforce. As leaders in technology, this team defines and leads the overall company technology strategy. About the Team: Global Service Management (GSM) team works to enable Lilly to enhance global productivity and protect our Brand.  The team manages the industry leading ServiceNow enterprise platform.  We enable our 69k global workforce to accelerate how they work, manage critical action plans, and enhance their working methods/environment, and manage key vendor contracts / spending. In addition to maintaining operational excellence for our existing services, we must boldly innovate and enhance capabilities such as generative AI, automation & workflows across the enterprise.  This will enable us to enhance our return on investment, improve user efficiency and experience, and help support the broader Company purpose of making life better for people around the world. What you’ll be doing: As a Technical Capability Owner for the ServiceNow platform, you’ll serve as a senior technical SME and strategic leader within our Global Service Management organization. You’ll drive platform innovation, lead technical delivery, and ensure seamless integration across enterprise systems. You’ll collaborate with architects, developers, vendors, and business stakeholders to shape and evolve our ServiceNow ecosystem. How You Will Succeed: Platform Leadership: Own the technical roadmap for ServiceNow capabilities, ensuring alignment with enterprise architecture and business goals. Solution Delivery: Lead end-to-end technical delivery for new features, including configuration, workflow design, UI customization, reporting, and integrations. Integration Strategy: Architect and implement integrations with LDAP/Active Directory, SSO (SAML, SiteMinder), REST/SOAP APIs, cloud platforms (AWS, VMware), and enterprise systems. Governance & Standards: Conduct impact analysis and code reviews to ensure conformance with architecture, data, and integration standards. Collaboration: Partner with Platform Architects, Technical Leads, and cross-functional teams to deliver scalable, high-quality solutions. Support & Optimization: Provide expert-level troubleshooting and performance tuning across the platform. Documentation & Enablement: Maintain comprehensive technical documentation and mentor junior engineers. Continuous Improvement: Stay current with ServiceNow releases and industry trends to drive platform evolution. What You Will Bring: Deep technical expertise in the ServiceNow platform, including administration, scripting, and application development. Strong understanding of IT infrastructure, CMDB, and configuration management principles. Proven experience leading technical delivery across the full software lifecycle. Excellent communication skills with the ability to influence and collaborate across technical and non-technical teams. Strong analytical and problem-solving skills, with a proactive mindset and commitment to excellence. A passion for mentoring, learning, and driving cross-functional success. Basic Qualifications: Education: Bachelor’s degree in Computer Science, Information Technology, or a related field. Experience: Minimum of 5 years of experience in ServiceNow development Technical Skills: Proficiency in JavaScript, HTML, CSS, and ServiceNow scripting. E xperience with REST/SOAP APIs and integration tools. Fluent in English for verbal and written communications, is essential Additional Skills/Preferences: ServiceNow Certified System Administrator (CSA) certification is a plus Applied knowledge of ITIL v3 or ITIL v4 Experience with AWS, VMware, JDBC/ODBC, and enterprise data management. Demonstrated ability to drive platform strategy and cross-functional alignment. A great sense of humor and passion for engaging people. Travel: 0-10% Availability to work flexible work hours is/may be required. Lilly is dedicated to helping individuals with disabilities to actively engage in the workforce, ensuring equal opportunities when vying for positions. If you require accommodation to submit a resume for a position at Lilly, please complete the accommodation request form ( https://careers.lilly.com/us/en/workplace-accommodation ) for further assistance. Please note this is for individuals to request an accommodation as part of the application process and any other correspondence will not receive a response. Lilly does not discriminate on the basis of age, race, color, religion, gender, sexual orientation, gender identity, gender expression, national origin, protected veteran status, disability or any other legally protected status. #WeAreLilly","['javascript', 'aws']","['servicenow', 'cloud']",5.0,,lead,"India, Hyderabad",India,onsite,contract,Bachelors,Computer Science / IT,Pharmaceutical / Life Sciences,,,INR,Posted Today,True,,,,False
R-100218,Manager/ Senior Manager Medical Science Liaison,Eli Lilly,"At Lilly, we unite caring with discovery to make life better for people around the world. We are a global healthcare leader headquartered in Indianapolis, Indiana. Our employees around the world work to discover and bring life-changing medicines to those who need them, improve the understanding and management of disease, and give back to our communities through philanthropy and volunteerism. We give our best effort to our work, and we put people first. We’re looking for people who are determined to make life better for people around the world. Overall Job Purpose: Scientific Experts (SEs) are individuals who are noted for their expertise in a therapeutic area and as a result have special needs for in-depth and cutting edge information, because they design and implement novel research and educate colleagues and students. The Medical Science Liaison (MSL) program is specifically designed to meet these needs through a field-based group of medical professionals with deep content knowledge about specific disease states, Lilly, competitor compounds and current issues in the therapeutic area they represent. The MSL recognizes and communicates feedback and insights of strategic importance from their interactions with scientific experts to better inform Lilly's strategic direction for research and commercialization. By facilitating scientific exchange between industry and the scientific community, the MSL has the opportunity to shape the future of healthcare by providing needed information that addresses important clinical and scientific questions. TERRITORY & TRAVEL: Role is based in Delhi NCR. The selected candidate must be able to travel across North & West India. Key Responsibilities: Maintain and effectively communicate deep scientific knowledge: Engage in continuous learning to maintain the highest level of technical expertise within oncology. This will enable the MSL to answer deep scientific questions and be sought after by their customers based on peer-credible knowledge and expertise. As a result, the MSL will establish themselves as a reliable, trusted resource of unbiased, accurate, up-to-date medical and scientific knowledge. Excel at customer engagement and support medical/scientific information needs of scientific experts: Through the application of emotional intelligence and a deep understanding of their customers, the MSL will act as one of the primary interfaces between Lilly medical and scientific experts to deliver the best-in-class customer experiences. Core to the role is to answer customer questions by providing deep and advanced disease state and product information. Additionally, the MSL will connect scientific experts with other Lilly resources or internal business partners as appropriate and identify possible collaborative research or external collaborations. Strategic vision and leadership: Synthesize complex data and effectively communicate meaningful clinical insights and unanswered customer questions they receive from scientific experts to Lilly medical and cross-functional teams. The MSL will use creative problem-solving skills and utilize internal resources effectively to execute upon solutions. The MSL will use a principle-based approach to make decisions independently or escalate them appropriately. They cultivate internal networks and collaborate effectively across functions with an active contribution to medical planning and strategy in Lilly India. Territory ownership: The MSL will be expected to demonstrate strategic analysis, planning, and prioritization to maximize efficiency. They will implement and evaluate a strategic territory plan prioritizing core MSL activities and take personal accountability for results. The MSL will execute the role in a compliant manner, adhering to all governing internal and external requirements, procedures, and laws, demonstrating good judgment at all times. Key Competencies & Selection Criteria: Previous MSL experience or Field-Based experience building relationships with Scientific Experts and Key Opinion Leaders for Oncology therapy area will be highly desired. Advanced degree in health sciences (PharmD, MD, PhD in a medically related field) required with 2-3 years of relevant clinical or therapeutic area experience. Masters or Bachelors level degree in health sciences is considered if the candidate has 5 or more years of clinical, research or industry (medical/scientific role) experience in the relevant therapeutic area. Intellectual curiosity about the field of science/medicine for which they are responsible. Learning agility to comprehend and effectively communicate large amounts of complex scientific content in a clear and concise fashion. Self-directed and able to work alone in the field, effectively managing multiple priorities and projects. Strong teamwork and interpersonal skills, including high emotional intelligence and the ability to engage in professional relationship building and networking. Advanced presentation and computer skills with expertise in literature identification. Effective strategic and critical thinking in order to analyse, assess and evaluate information and interpret impact or relevance to future states. Effective verbal and written communication skills. Ability to use field-based electronic or other communication tools for all aspects of the role. Lilly is dedicated to helping individuals with disabilities to actively engage in the workforce, ensuring equal opportunities when vying for positions. If you require accommodation to submit a resume for a position at Lilly, please complete the accommodation request form ( https://careers.lilly.com/us/en/workplace-accommodation ) for further assistance. Please note this is for individuals to request an accommodation as part of the application process and any other correspondence will not receive a response. Lilly does not discriminate on the basis of age, race, color, religion, gender, sexual orientation, gender identity, gender expression, national origin, protected veteran status, disability or any other legally protected status. #WeAreLilly",['excel'],[],2.0,3.0,junior,"India, Delhi",India,onsite,internship,PhD,Electrical / Electronics,Pharmaceutical / Life Sciences,,,INR,Posted 30+ Days Ago,True,,,,False
R-101766,Territory Manager - Immunology & Neurology,Eli Lilly,"At Lilly, we unite caring with discovery to make life better for people around the world. We are a global healthcare leader headquartered in Indianapolis, Indiana. Our employees around the world work to discover and bring life-changing medicines to those who need them, improve the understanding and management of disease, and give back to our communities through philanthropy and volunteerism. We give our best effort to our work, and we put people first. We’re looking for people who are determined to make life better for people around the world. Job Description Job Description At Lilly, we believe in the talent of our workforce. One of the best ways to utilize and develop that talent is to use our existing workforce to fill new and/or open positions. If you are looking for a new position within Lilly, you can view and apply to open roles posted in the internal job posting system. You must meet the minimum qualifications outlined in the job description and have/obtain work authorization in the country the position is located in order to be considered. When applying internally for a position, your current supervisor will receive notification that you have applied to the position. We encourage employees to discuss the opportunity with their supervisor prior to applying. Path/Level: S1 Note: Employees hired on banded positions (ex: P1-P3, R1-R2, B1-B3, etc.) transfer at their current level, despite the level indicated on the job posting.  For example, if a P2 candidate is selected for a P1-P3 banded position, the candidate will remain a P2 in the new role. Territory Manager/Sales Manager Broad Objective of the role - Enhancing the customer experience by identifying the critical need and delivering optimal pharmaceutical based healthcare solutions to achieve business objectives Analyzing market trends and developing a sales plan; Meeting and engaging designated doctors in the assigned territory, promoting company products to customers; strengthening relationships with stakeholders like doctors, paramedics, retailers and stockists in order to achieve individual and pool sales targets using patient focused selling principles while adhering to Lilly compliance guidelines. Key customers Doctors, paramedical & hospital staff, retailers and stockiest. Graduation in any field (preferrably Science) with minimum one year of sales work experience Good communication and presentation skills, basic knowledge of therapeutic area and product segment, Emotional Intelligence, Organizational Skills, Learning agility Area of responsibility Key Activities Performance metrics (financial and non financial) Sales and territory planning Develop a detailed territory business plan for the portfolio by making strategic decisions about goals, resource investments, and monitor and measure the plan Based on Retail Call Audit and market analysis refresh and update MCL from the universal list provided by sales operations; Prepare a retail call list for important retailers; Prepare a patch plan as per customer availability and schedule; Prioritize business opportunities; Plan for achieving targets set by the company; Track and analyze weekly sales data in order to identify trends and make required modifications to the plan. Approval of plan by supervisor; Quality of analysis Conducting Customer Calls Meet the required number of customers as per SPP targets and call plan; Meet retailers as per SPP target and plan in order to gather information about product trends and competitor data; Meet compliance requirements on calls; Conduct effective pre-call planning by setting objectives tailored to customer segment, needs, attitudes, motivations, environment and   business priorities, then prepare potential solutions; Conduct post-call analysis and records next call objective in approved CRM tool; Use relevant sales materials to address customer questions, objections, and concerns Promote company products to customers as per the Patient Focused Selling Principles and by using aids provided by Marketing ; Strengthen relationships with all stakeholders. Achieving the assigned sales targets. SPP target v/s achievement; Adherence to compliance requirements; Sales target v/s achievement Customer Paramedic staff and Retailer engagement Finalize doctors engagement plan for a Quarter; Conduct programs as per plan and steer all related logistics and coordination; Plan, develop, and implement effective communication (e.g. presentations) in a variety of settings; Identify speakers and audience for conducting programs, work with various departments to ensure timely documentation and certification of the speaker; Invite doctors for Marketing led programs; conduct Retailer Awareness Programs; Conduct Nurses awareness programs to upgrade the knowledge of paramedic staff. Conduct programs as per compliance guidelines Informal/formal feedback from stakeholders on quality of programs; adherence to compliance requirements; Program attendance as per target Stockist Management Engage with stockists regularly to strengthen relationship; Gather information to analyze sales trends every week; Conduct physical stock verification at the Stockist; Maintain a balance b/w first line and second line sales as per the company guidelines; Participate in ensuring availability at various retailers like placing and collecting orders; Coordinate b/w Stockiest and CFA at the time of closing; Identifying new stockists and propose to ASM. Inventory plan v/s achievement Sales and SPP reporting Timely reporting of all the doctor and retailer calls; Report details of programs conducted; Report any medical services request received from doctors through on-demand; Present sales trends in monthly reviews. Regular and accurate reporting. Note: When applying internally for a position your current supervisor receives notification that you have applied to the position. We encourage employees to discuss the opportunity with their supervisor prior to applying. Lilly does not discriminate on the basis of age, race, color, religion, gender, sexual orientation, gender identity, gender expression, national origin, protected veteran status, disability or any other legally protected status. Lilly is dedicated to helping individuals with disabilities to actively engage in the workforce, ensuring equal opportunities when vying for positions. If you require accommodation to submit a resume for a position at Lilly, please complete the accommodation request form ( https://careers.lilly.com/us/en/workplace-accommodation ) for further assistance. Please note this is for individuals to request an accommodation as part of the application process and any other correspondence will not receive a response. Lilly does not discriminate on the basis of age, race, color, religion, gender, sexual orientation, gender identity, gender expression, national origin, protected veteran status, disability or any other legally protected status. #WeAreLilly",['crm'],[],,,junior,"India, Kolkata",India,onsite,internship,,Electrical / Electronics,Pharmaceutical / Life Sciences,,,INR,Posted 17 Days Ago,True,,,,False
R-102597,Global Computer Systems Quality Assurance Rep,Eli Lilly,"At Lilly, we unite caring with discovery to make life better for people around the world. We are a global healthcare leader headquartered in Indianapolis, Indiana. Our employees around the world work to discover and bring life-changing medicines to those who need them, improve the understanding and management of disease, and give back to our communities through philanthropy and volunteerism. We give our best effort to our work, and we put people first. We’re looking for people who are determined to make life better for people around the world. Organization Overview:
 At Lilly, we believe in the talent of our workforce. One of the best ways to utilize and develop that talent is to use our existing workforce to fill new and/or open positions. If you are looking for a new position within Lilly, you can view and apply to open roles posted in the internal job posting system. You must meet the minimum qualifications outlined in the job description and have/obtain work authorization in the country the position is located in order to be considered. When applying internally for a position, your current supervisor will receive notification that you have applied to the position. We encourage employees to discuss the opportunity with their supervisor prior to applying. Responsibilities:

The Computer Systems Quality Assurance Representative role is responsible for ensuring the Functional Area(s), Project(s) or System(s) to which they are assigned are in compliance with corporate Computer System Validation (CSV) standards. This includes providing consulting and interpretation of Corporate Computer Systems Standards and Practices, providing oversight for CSV execution (including approving CSV documents per corporate standards/practices), maintaining awareness of corporate and external standards as they relate to CSV, and assurance of inspection readiness within supported areas. This CSQA Representative position will be located at LCCI. Key Objectives/Deliverables:

 Maintain Inspectional Readiness
 Ensure supported systems are validated in compliance with applicable policies and procedures Ensure all quality actions and commitments for supported areas are appropriately tracked in Quality/CAPA plans Participate in self-inspections, audits, and supplier assessment activities to ensure the state of computer system validation is clearly and accurately understood Ensure all Inspection Readiness materials are current and appropriate Provide periodic updates to key stakeholders Escalate issues appropriately

 Deliver Projects, Programs, and Support
 Provide consulting and interpretation on standards and procedures as related to the supported computer system Provide training to customer areas on CSV-related topics as needed Partner with Business, Business Quality, and IT customer areas to deliver business value Understand customer, company, and Quality priorities Review/approve documents per CSV expectations within agreed service levels, or clearly communicate when activities will be completed Engage customers and QA management in appropriate discussions of risk management Ensure suppliers of computer systems or services meet quality expectations Escalate computer system quality issues to the appropriate persons Strive for and promote consistency within the CSQA Organization

 IT QMS Support: 
 Drive compliance culture through common process /services  Through key relationships with quality and Tech@Lilly, ensures an overall ongoing state of IT compliance is achieved and maintained related to common processes  Advise on LCS Common quality management system, especially in relation to the processes owned by their role. Other processes include:  CAPA management  Deviation Management  Periodic reviews  Personnel Qualification  Problem Management  System Retirement  Provide periodic updates to key consumers of service  Provide oversight, direction, and continuous improvement to the LCS common processes owned by their role

 Streamline and Continuously Improve
 Eliminate non-value-added activities in order to focus on activities which continuously improve assurance of quality. This may include engagement in Six Sigma projects and other process improvement activities. Identify opportunity for streamlining and simplification and assist in developing improved solutions Understand external trends and potential ramifications for the supported IT area(s)

 Grow Capabilities and Knowledge
 Share lessons learned and best practices with others Act as an engaged team member

Basic Requirements:
 Bachelor (4 yr. College) degree in a technology-related field such as Computer Science. 6+ years’ experience in Automation/IT or computer system validation Demonstrated strong oral and written communication, interpersonal interaction skills, and ability to influence and collaborate Proficiency with IT systems development life cycle Proficiency with corporate Computer Systems Validation practices and demonstrated ability to right-size validation based upon risk Ability to focus across multiple processes (end-to-end viewpoint)

Additional Skills/Preferences:
 Understanding of process development and/or improvement (e.g. We encourage employees to discuss the opportunity with their supervisor prior to applying. Lilly does not discriminate on the basis of age, race, color, religion, gender, sexual orientation, gender identity, gender expression, national origin, protected veteran status, disability or any other legally protected status. #WeAreLilly Lilly is dedicated to helping individuals with disabilities to actively engage in the workforce, ensuring equal opportunities when vying for positions. If you require accommodation to submit a resume for a position at Lilly, please complete the accommodation request form ( https://careers.lilly.com/us/en/workplace-accommodation ) for further assistance. Please note this is for individuals to request an accommodation as part of the application process and any other correspondence will not receive a response. Lilly does not discriminate on the basis of age, race, color, religion, gender, sexual orientation, gender identity, gender expression, national origin, protected veteran status, disability or any other legally protected status. #WeAreLilly",[],[],6.0,,junior,"India, Bengaluru",India,onsite,internship,Bachelors,Computer Science / IT,Pharmaceutical / Life Sciences,,,INR,Posted 3 Days Ago,True,,,,False
R-99313,Technical Services Manufacturing Sciences:  Business Transformation Lead – Product Lifecycle Management,Eli Lilly,"At Lilly, we unite caring with discovery to make life better for people around the world. We are a global healthcare leader headquartered in Indianapolis, Indiana. Our employees around the world work to discover and bring life-changing medicines to those who need them, improve the understanding and management of disease, and give back to our communities through philanthropy and volunteerism. We give our best effort to our work, and we put people first. We’re looking for people who are determined to make life better for people around the world. TSMS Business Transformation Lead – Product Lifecycle Management (PLM) Company Overview Lilly, a leading innovation-driven corporation is developing a growing portfolio of pharmaceutical products by applying the latest research from its own worldwide laboratories and from collaborations with eminent scientific organizations.  Headquartered in Indianapolis, Indiana, Lilly makes life better – through medicines and information – for some of the world’s most urgent medical needs.  Founded over 145 years ago, the company has sustained a culture that values excellence, integrity and respect for people. This has resulted in Lilly frequently being ranked as one of the best companies in the world at which to work.  Lilly knows its business has prospered because of its employees – people with a talent for innovation and a passion for making a difference by finding treatments for the most stubborn diseases; people whose talent is matched by their generosity, and people with strong values and a determination to prevail, regardless of the challenges.  Join our team – and make a difference in improving health for people all over the world! Manufacturing and Quality Technical Hub Hyderabad Lilly has made a strategic investment of more than $1B dollars to establish a Manufacturing and Quality technical hub. This hub will oversee the significant investment in contract manufacturing of starting materials and intermediates for API manufacturing in India and the technical services responsible for managing the scientific agenda for manufacturing and quality. The hub will be recruiting top talent in the areas of process engineering, chemistry, analytical and data sciences to build a cutting-edge scientific organization supporting the exciting manufacturing portfolio of Lilly. Job Description Role Overview: The Business Transformation Lead (PLM) is responsible for planning, coordinating, and executing business transformation initiatives related to Product Lifecycle Management (PLM) across pharmaceutical R&D, manufacturing, and quality domains. This role ensures successful deployment and adoption of PLM systems (such as QbDVision), supports process harmonization, and drives operational excellence by partnering with global teams, site SMEs, and IT/digital functions. The Lead will manage project delivery, facilitate change management, and ensure alignment with regulatory and business objectives. Key Responsibilities: Lead PLM deployment project management, including planning, tracking (scope, schedule, risks), reporting, and coordination across global and site teams Facilitate Project management calls (e.g., site leadership check-ins, core team meetings) and ensure milestone delivery Develop playbooks, templates, and best practice documentation; contribute to lessons learned reviews Support site impact assessments, including change control, SOP/protocol updates, and business process documentation Track and report deployment progress, risks, and issues to leadership and stakeholders Manage stakeholder relationships across PLM Global, TSMS, site SMEs, and external partners Support governance processes: decision tracking, meeting facilitation, and issue escalation Ensure alignment with regulatory timelines, data integrity, and business priorities Coordinate cross-functional delivery with QA, CMC, Regulatory, IT, and others Lead or support change management activities: impact assessments, communications, training coordination Partner with Training Coordinators and Deployment Leads for onboarding and upskilling Monitor adoption KPIs, gather user feedback, and drive continuous improvement Author and maintain deployment protocols and reports, SOPs, work instructions, and user guides Collaborate with technical teams to resolve data gaps, inconsistencies, and support validation Leverage reporting tools (Power BI, Tableau, PLM dashboards) for insights and tracking Maintain feature request processes, SharePoint sites, and knowledge repositories Identify and implement process improvements for deployment and transformation initiatives Required Skills and Experience Technical and Functional Skills: Skilled in project planning, tracking, reporting, and governance support Experienced in stakeholder management and pharma compliance Highly skilled in meeting facilitation, decision tracking, documentation, and report writing Knowledgeable in regulatory timelines and document reviews Understands CMC product lifecycle, PLM data structures and workflows Familiar with PLM systems, MS Project, Smartsheet, Power BI, and Tableau Change-oriented, analytical, detail-focused, and proactive Strong communicator with global team experience preferred Education & Experience: Bachelor’s or Master’s degree in Life Sciences, Engineering, Business, Information Systems, or related field. 5+ years of experience in project/program management, business transformation, or digital deployment in the pharmaceutical or life sciences industry. Understanding of pharma R&D, CMC, or manufacturing processes. Experience  with PLM systems (QbDVision or similar) desirable. Lilly is dedicated to helping individuals with disabilities to actively engage in the workforce, ensuring equal opportunities when vying for positions. If you require accommodation to submit a resume for a position at Lilly, please complete the accommodation request form ( https://careers.lilly.com/us/en/workplace-accommodation ) for further assistance. Please note this is for individuals to request an accommodation as part of the application process and any other correspondence will not receive a response. Lilly does not discriminate on the basis of age, race, color, religion, gender, sexual orientation, gender identity, gender expression, national origin, protected veteran status, disability or any other legally protected status. #WeAreLilly","['tableau', 'power bi']","['r', 'api']",145.0,,lead,"India, Hyderabad",India,onsite,contract,Masters,Electrical / Electronics,Pharmaceutical / Life Sciences,,,INR,Posted 30+ Days Ago,True,,,,False
R-102342,Principal Support Engineer – Operations,Eli Lilly,"At Lilly, we unite caring with discovery to make life better for people around the world. We are a global healthcare leader headquartered in Indianapolis, Indiana. Our employees around the world work to discover and bring life-changing medicines to those who need them, improve the understanding and management of disease, and give back to our communities through philanthropy and volunteerism. We give our best effort to our work, and we put people first. We’re looking for people who are determined to make life better for people around the world. About the Technology Organization Technology at Lilly builds and maintains capabilities using pioneering technologies like most prominent tech companies. What differentiates Technology at Lilly is that we create new possibilities through tech to advance our purpose – creating medicines that make life better for people around the world, like data driven drug discovery and connected clinical trials. We hire the best technology professionals from a variety of backgrounds, so they can bring an assortment of knowledge, skills, and diverse thinking to deliver solutions in every area of our business. About the Business Function The Software Product Engineering (SPE) team is a specialized engineering group that delivers strategic solutions and differentiated capabilities. We take a forward-thinking approach, focusing on an enterprise platform and product mindset, ensuring that the solutions we build can be leveraged across Technology teams for broader impact and efficiency. Role Summary As a Principal Support Engineer – Operations (R3), you will be the senior technical authority for production support across a suite of products and services. You will lead complex incident resolution, drive systemic reliability improvements, and influence operational standards across teams. This role expands beyond advanced troubleshooting to include end-to-end ownership of major incidents, deep technical remediation, automation to reduce operational toil, and mentoring of support engineers. You will partner closely with Engineering, Product, QA, Security, and Platform teams to ensure resilient services, strong operational readiness, and measurable improvements in uptime, latency, and customer experience. What You’ll Be Doing (Key Responsibilities) 1) Advanced Incident Leadership & Resolution Act as the final escalation point for the most complex, high-impact production issues spanning frontend, backend, integrations, data stores, and cloud infrastructure. Lead major incident response (swarming/war-room execution), including triage strategy, technical direction, and recovery coordination across multiple teams. Drive consistent incident execution aligned with incident management expectations (escalation, outage/deviation considerations, and appropriate stakeholder visibility). 2) Problem Management, RCA, and Defect Elimination Own and drive Root Cause Analysis (RCA) for recurring and severe incidents; identify systemic failure patterns and champion long-term fixes over workarounds. Partner with engineering to translate RCA outcomes into durable changes (code, configuration, architecture, monitoring, or process), and track fixes to closure with measurable reliability impact. 3) Reliability Engineering & Operational Excellence Lead initiatives to improve availability, performance, scalability, and operational resilience (e.g., reducing MTTR, improving detection, reducing repeat incidents). Define and implement operational guardrails: readiness checks, runbooks, rollback patterns, post-release validation, and shift-left operational readiness with Dev/QE. Contribute to or lead stabilization work consistent with engineering/SRE responsibilities (reliability improvements, defect elimination, major-incident swarming). 4) Observability, Monitoring & Automation Design and evolve observability across logs/metrics/traces; improve signal quality (actionable alerts, noise reduction, meaningful dashboards). Build automation for common operational tasks (triage, remediation, reporting), using scripting and tooling to reduce manual effort and improve consistency. 5) Deployment & Change Support Provide senior support for deployments/releases: risk assessment, go/no-go input, rollback readiness, and rapid response for post-release issues. Improve CI/CD operational safety through better validation, monitoring hooks, and release checklists in partnership with DevOps/Platform teams. 6) Compliance, Security & Regulated Environment Readiness Ensure support processes and fixes align with internal standards and external regulations (e.g., GDPR, HIPAA where applicable). Promote secure operational practices: least privilege, auditability, secure debugging, and appropriate handling of sensitive data during incident response. 7) Knowledge Leadership & Mentoring Raise the operational bar by creating and governing high-quality runbooks, knowledge base articles, and operational standards; ensure reusability and adoption across teams. Mentor L2/R2 engineers: technical coaching, incident handling patterns, RCA quality, and effective cross-team collaboration—acting as a role model for knowledge sharing. How You Will Succeed (Success Profile) At R3, success is measured not only by resolving incidents, but by preventing them, improving reliability at scale, and influencing standards across teams: Be a recognized technical expert who solves complex problems and introduces improved methods/approaches for operations and reliability. Lead technical decisions during incidents and influence operational standards, technical direction, and cross-team alignment. Demonstrate strong systems thinking understand failure modes across distributed services, data stores, networks, and cloud infrastructure. Drive measurable outcomes (examples): reduced repeat incidents, improved alert quality, lower MTTR, improved SLO attainment, reduced manual toil. Communicate crisply under pressure, facilitating fast alignment between engineering, product, and stakeholders during major incidents. What You Should Bring (Qualifications) Required 7–10 years of experience in application support, production engineering, SRE, or software engineering with strong operations ownership (including high-severity incident response). Deep hands-on debugging across web applications (frontend + backend), integrations, and production environments. Strong experience with incident management and ticketing workflows (e.g., ServiceNow, Jira), including major incident execution and RCA. Strong knowledge of RESTful APIs, databases (e.g., PostgreSQL), caching/data stores (e.g., Redis), and cloud platforms (AWS/Azure/GCP). Expertise in monitoring/logging/alerting stacks (e.g., CloudWatch, ELK, Datadog, Splunk/AppDynamics or equivalent) and the ability to build actionable observability. Advanced scripting/automation capability (e.g., Bash, Python, JavaScript) to reduce toil and standardize response. Experience supporting products in regulated industries; working knowledge of privacy/security expectations and secure handling. Strong collaboration and communication skills across Dev, QA, Product, Security, and platform teams. Preferred / Nice to Have Experience defining and operationalizing SLIs/SLOs, error budgets, and reliability reporting (SRE ways of working). Experience with containerization and deployment patterns (Docker/Kubernetes/ECS), CI/CD systems, and infrastructure-as-code concepts. Demonstrated mentoring/leadership: raising the capability of teams through coaching and standards. Additional Information Availability to work flexible work hours is/may be required . This team will support continuous operations across two shifts and therefore, this role will require non-standard work hours, and some work on weekends and holidays . Appropriate adjustments in benefits will be provided for employees working non-standard hours where applicable Lilly is dedicated to helping individuals with disabilities to actively engage in the workforce, ensuring equal opportunities when vying for positions. If you require accommodation to submit a resume for a position at Lilly, please complete the accommodation request form ( https://careers.lilly.com/us/en/workplace-accommodation ) for further assistance. Please note this is for individuals to request an accommodation as part of the application process and any other correspondence will not receive a response. Lilly does not discriminate on the basis of age, race, color, religion, gender, sexual orientation, gender identity, gender expression, national origin, protected veteran status, disability or any other legally protected status. #WeAreLilly","['python', 'javascript', 'postgresql', 'aws', 'azure', 'gcp', 'docker', 'kubernetes']","['servicenow', 'bash', 'jira', 'redis', 'go', 'ci/cd', 'devops', 'cloud']",7.0,10.0,junior,"India, Hyderabad",India,onsite,internship,,Computer Science / IT,Pharmaceutical / Life Sciences,,,INR,Posted 5 Days Ago,True,,,,False
R-93662,TSMS-API Manufacturing Support Scientist,Eli Lilly,"At Lilly, we unite caring with discovery to make life better for people around the world. We are a global healthcare leader headquartered in Indianapolis, Indiana. Our employees around the world work to discover and bring life-changing medicines to those who need them, improve the understanding and management of disease, and give back to our communities through philanthropy and volunteerism. We give our best effort to our work, and we put people first. We’re looking for people who are determined to make life better for people around the world. Position Brand Description: The API EM TS/MS person-in-plant (PIP) mfg.  scientist provides leadership and functional-area expertise at the designated Contract Manufacturer site, in conjunction with API EM contract manufacturing personnel working at Lilly affiliate sites (e.g., Indianapolis, Kinsale, Puerto Rico) to achieve the reliable and compliant manufacture of API drug substance that meets predetermined global quality standards. A strong understanding of pharmaceutical manufacturing principles and Lilly systems is required to ensure those same standards are applied to the external contract manufacturer.  The position requires knowledge of cGMPs, applicable global regulatory manufacturing guidance, and the corporate/industry standards. The position requires working cross-functionally within the site and other functions to deliver on technical objectives. The Active Pharmaceutical Ingredient - External Manufacturing Organization (API EM) TS/MS Person-in-Plant (PIP) Scientist provides the technical support required to achieve the reliable and compliant manufacture of the API External Manufacturing (API EM) portfolio which includes raw materials, intermediates, and bulk drug substances.  The PIP Scientist provides technical support and oversees the CM facility operations.  The PIP scientist is a member of IPT/JPT and contribute as a liaison between the IPT and CM process team. Key Objectives/Deliverables: The TS/MS person-in-plant (PIP) mfg.  scientist provides technical supports for assigned API intermediate and API manufacturing processes. They are a member of IPT/JPT and contribute as a liaison between the IPT and contract manufacturing (CM) process team. Detailed responsibilities include: Providing technical oversight and stewardship for manufacturing processes. Ensuring that processes are compliant with US and global regulations, capable, in control, and maintained in a validated or qualified state. Technical transfer document preparations and support activities. Understanding the scientific principles required for manufacturing intermediates and drug substances, including the interaction of chemistry and equipment. Leading resolution of technical issues including those related to control strategy and manufacturing. Executing technical projects to improve process control, yield, purity, and/or productivity. Ensuring proper characterization of processes and products and ensure effective documentation of the process description, measures, acceptable ranges, and specifications (and the justification of these measures, acceptable ranges, and specifications). Understanding, justifying, and documenting the state of validation with data that evaluate the capability of the manufacturing process to meet its stated purpose. Preparation of relevant technical documents, as required, such as: technical reports, change controls, regulatory submissions, deviation investigations, validation protocols and summary reports, processing records, procedures, PFDs, VMPs, etc. Developing and monitoring established metrics in real-time to assess process variability and capability. Ensuring that an accurate instruction set (tickets & procedures) and PFD describe the process as performed and the control strategy for the discrete manufacturing steps. Analyzing data and ensuring appropriate documentation. Writing technical reports and documents. Day to Day production support Monitoring ongoing production support (e.g., production meeting attendance) Periodic housekeeping / fit & finish walk-throughs with area management. Tracking of resolution of identified issues Practice vs procedure walk throughs at the CM sites Serving as an active member of the Lilly process teams (IPT, JPTs, & GPLOTs) Conformation of CAPA implementation Effective management of internal and external stakeholders Adhering to Lilly’s Business, Quality, and Financial Systems Operating with a ‘Team Lilly’ mindset Basic Requirements: Minimum of 10 years relevant industrial experience in API and API intermediate Manufacturing within the technical services (TS/MS) or small molecule process Development and scale up. Demonstrated basic knowledge of small molecule API Manufacturing Familiarity with cGMP manufacturing environment and terminology. Additional Preferences: Excellent analytical, interpersonal, written and oral communication skills. Ability to work independently as well as part of a team. Ability to prioritize activities. Good judgment and flexibility. Education Requirements: PhD in Organic Chemistry, Chemical Engineering, or Physical Chemistry Other Information: Complete learning plan for API EM TS/MS role. Tasks require entering manufacturing areas which require wearing appropriate PPE. Domestic and International Travel (variable, can approach 20%) Lilly is dedicated to helping individuals with disabilities to actively engage in the workforce, ensuring equal opportunities when vying for positions. If you require accommodation to submit a resume for a position at Lilly, please complete the accommodation request form ( https://careers.lilly.com/us/en/workplace-accommodation ) for further assistance. Please note this is for individuals to request an accommodation as part of the application process and any other correspondence will not receive a response. Lilly does not discriminate on the basis of age, race, color, religion, gender, sexual orientation, gender identity, gender expression, national origin, protected veteran status, disability or any other legally protected status. #WeAreLilly",['api'],[],10.0,,junior,"India, Hyderabad",India,onsite,internship,PhD,Electrical / Electronics,Pharmaceutical / Life Sciences,,,INR,Posted 30+ Days Ago,True,,,,False
R-95543,Azure Platforms Engineer - Enterprise Data,Eli Lilly,"At Lilly, we unite caring with discovery to make life better for people around the world. We are a global healthcare leader headquartered in Indianapolis, Indiana. Our employees around the world work to discover and bring life-changing medicines to those who need them, improve the understanding and management of disease, and give back to our communities through philanthropy and volunteerism. We give our best effort to our work, and we put people first. We’re looking for people who are determined to make life better for people around the world. Lilly’s Purpose: At Lilly, we unite caring with discovery to make life better for people around the world. We are a global healthcare leader headquartered in Indianapolis, Indiana. Our employees around the world work to discover and bring life-changing medicines to those who need them, improve the understanding and management of disease, and give back to our communities through philanthropy and volunteerism. We give our best effort to our work, and we put people first. We’re looking for people who are determined to make life better for people around the world. Come help us unlock the power of the Azure Platform Operations through AI & Automation! The Cloud and Connectivity organization is actively looking for an Azure Platform Engineer to join them. Do you like to solve challenges and have an interest in large scale impact? Would you like the ability to impact a global public and private cloud infrastructure operations through AI and Automation? If so, please apply. Job Summary: You will work in Azure services including Azure DB PaaS, Data Factory, Key Vault and etc. Goals will be to help qualify Azure Services and create CI/CD pipeline to provision the service. This role will have the opportunity to work with Azure PaaS/IaaS services. Our goal is to improve service qualification and management through automation in enterprise level. Also responsible to manage cost effective cloud environments, you need make sure we follow the Lilly security standards while qualifying and automating the services. In this role, you will work closely with Lilly SMEs and Cloud Infrastructure hosting teams to bring enhancements and automation scopes in the system.  You need to improve the security of the system by performing the vulnerabilities scanings and fixing them based the output. Job Responsibilities: Design and Implement CI/CD Pipelines: Build and maintain end-to-end CI/CD pipelines using Azure DevOps, GitHub Actions, or Jenkins. Automate build, test, and deployment workflows for microservices, APIs, and enterprise applications. Infrastructure as Code (IaC) Development: Write and maintain Bicep, ARM templates, or Terraform to automate infrastructure provisioning. Apply modular and reusable code practices for cloud infrastructure deployment. Support multi-environment deployments (Dev, QA, Prod) with parameterized templates. Azure Cloud Infrastructure Provisioning: Provision and manage Azure resources (VMs, SQL/NoSQL Databases, Key Vaults, Storage Accounts, Azure Data Factory, etc). Implement high availability (HA) and disaster recovery (DR) strategies. Configure scaling and auto-healing for services. Follow cloud Cost-optimization approach. Source Code Management & Version Control: Manage Git repositories and branching strategies (GitFlow, trunk-based development). Enforce pull request (PR) approvals, code reviews, and quality gates. Secure GitHub repos using GitHub advanced security. Monitoring, Logging & Observability: Set up Azure Monitor, Application Insights, Log Analytics, and Prometheus/Grafana for observability. Define alerting rules and dashboards for performance and availability. Ensure end-to-end monitoring of infrastructure, applications, and pipelines Security, Identity, and Compliance:Manage RBAC, Azure AD roles, and identity management for DevOps workflows. Integrate Azure Key Vault for secrets, certificates, and credential management. Conduct vulnerability assessments and remediation. Ensure compliance with company-specific policies. Automation and Scripting: Automate routine tasks using PowerShell, Bash, or Python scripts. Standardize repeatable operations into runbooks/ Kusto Query. Create automation for Service provisioning and management through self-service portal. Collaboration with Lilly SMEs & Platform Teams: Partner with Lilly SMEs to optimize build pipeline, creating automation scopes and ensure smooth deployments. Work with Azure Platform team to get the infrastructure setup based on the need. Performance Optimization and Scalability: Continuously analyze pipeline efficiency, system performance, and cost usage. Implement horizontal/vertical scaling strategies Incident Response, Troubleshooting, Operational Support and RCA: Provide L2/L3 operational support for cloud and DevOps environments. Troubleshoot pipeline failures, deployment issues, and infrastructure outages. Conduct root cause analysis (RCA) and implement preventive measures. Provide timely and effective support to customers on an as-needed basis. Address and resolve technical issues, ensuring minimal disruption to services. Governance, Policy Enforcement & Cost Management: Implement tagging standards for cost tracking and environment segregation. Use Azure Cost Management and Advisor to recommend optimizations. Continuous Improvement & Innovation: Stay updated with emerging DevOps tools, cloud features, and automation techniques. Champion a culture of automation, reliability, and efficiency. Knowledge Sharing, Training & Documentation: Maintain detailed runbooks, architecture diagrams, deployment documentation, and SOPs. Conduct brown-bag sessions/workshops to improve team adoption of DevOps practices. Soft Skills: Strong analytical and troubleshooting skills, with the ability to handle complex technical challenges. Proven leadership and team management experience, with excellent interpersonal and communication skills. Ability to prioritize, multitask, Interest in upskilling and work effectively under pressure in a fast-paced environment. Your Qualification: Bachelor’s degree in information technology or equivalent experience. 5-15+ years of experience as an Azure Platform Engineer or DevOps engineer in enterprise environment with relevant experience in Automation, Scripting and CICD pipeline creation and management. Additional Skills/requirements: Strong knowledge of Azure IaaS, PaaS, Networking, Storage, Policies, and Governance services. Must have experience with GitHub Actions, Jenkins and Terraform. Must have experience with Power Shell, Azure CLI, YAML and Bicep. Strong knowledge in Azure backup, Azure functions, Azure monitor, Log analytics and Kusto Query Must have experience with Git Repos. Must have experience with Encryption and Azure Key Vault. Tickets handling with Service Now or any other ticketing tools. Expertise in Documentations for maintaining Security/CSQA standards. Desirable Skills: Experience in On-prem Databases (SQL/ Oracle) and Agentic AI is an additional advantage. Experience in project management methodologies (like Agile or Scrum) will be added advantage. Lilly is dedicated to helping individuals with disabilities to actively engage in the workforce, ensuring equal opportunities when vying for positions. If you require accommodation to submit a resume for a position at Lilly, please complete the accommodation request form ( https://careers.lilly.com/us/en/workplace-accommodation ) for further assistance. Please note this is for individuals to request an accommodation as part of the application process and any other correspondence will not receive a response. Lilly does not discriminate on the basis of age, race, color, religion, gender, sexual orientation, gender identity, gender expression, national origin, protected veteran status, disability or any other legally protected status. #WeAreLilly","['python', 'sql', 'oracle', 'azure', 'jenkins', 'git', 'agile', 'scrum']","['microservices', 'bash', 'terraform', 'grafana', 'prometheus', 'ci/cd', 'devops', 'cloud']",15.0,,lead,"India, Hyderabad",India,onsite,full-time,Bachelors,Computer Science / IT,Pharmaceutical / Life Sciences,,,INR,Posted 28 Days Ago,True,,,,False
R-102761,Advisor - Software Engineer,Eli Lilly,"At Lilly, we unite caring with discovery to make life better for people around the world. We are a global healthcare leader headquartered in Indianapolis, Indiana. Our employees around the world work to discover and bring life-changing medicines to those who need them, improve the understanding and management of disease, and give back to our communities through philanthropy and volunteerism. We give our best effort to our work, and we put people first. We’re looking for people who are determined to make life better for people around the world. Job Description About the Technology Organisation Technology at Lilly builds and maintains capabilities using pioneering technologies like the most prominent tech companies. What differentiates Technology at Lilly is that we create new possibilities through tech to advance our purpose – creating medicines that make life better for people around the world, like data-driven drug discovery and connected clinical trials. We hire the best technology professionals from a variety of backgrounds, so they can bring an assortment of knowledge, skills, and diverse thinking to deliver solutions in every area of our business. About the Business Function The Software Product Engineering (SPE) team is a specialised engineering group that delivers strategic solutions and differentiated capabilities. We take a forward-thinking approach, focusing on an enterprise platform and product mindset, ensuring that the solutions we build can be leveraged across Technology teams for broader impact and efficiency. Role Summary As a Advisor Software Engineer (R5), you are a recognised technical authority who shapes the engineering direction of the SPE organisation. You combine deep, hands-on expertise in system design and distributed architecture with a forward-looking AI-first mindset – designing and building agentic AI systems, intelligent automation pipelines, and next-generation software platforms. You are the go-to person when teams face their hardest technical challenges, and you translate that expertise into scalable, production-grade solutions that drive measurable business outcomes across multiple functions. This is a high-impact, hands-on technical leadership role. You will architect end-to-end systems, write production code, champion AI-driven development practices, and influence engineering culture across teams – all while mentoring and coaching engineers to raise the overall technical bar. What You’ll Be Doing System Design & Architecture Own end-to-end system design of large-scale, distributed, cloud-native platforms – from API contracts and data models to deployment topology and observability. Define and enforce architectural standards and patterns (microservices, event-driven, serverless, CQRS) and lead architecture reviews, ADRs, and technical blueprints. Design for resilience, scalability, security, and cost-efficiency on cloud platforms (AWS preferred; GCP/Azure acceptable). Drive decomposition of monolithic and COTS systems into modern, maintainable, in-house services and platform capabilities. Hands-On Full-Stack Engineering Write production-quality code across the stack using modern languages and frameworks (e.g., Python, JavaScript/TypeScript, Go, Java, Rust, or equivalent) on both frontend and backend. Build and optimise APIs (RESTful, GraphQL), real-time communication layers, and high-throughput data pipelines with appropriate database technologies (relational, NoSQL, or columnar). Champion code quality through rigorous reviews, test-driven development, and CI/CD automation. Apply DevSecOps principles end-to-end. AI-Driven & Agentic Engineering Architect and build agentic AI systems that autonomously execute multi-step workflows – leveraging LLM orchestration frameworks (LangChain, LangGraph, CrewAI, or equivalent), tool-use patterns, and retrieval-augmented generation (RAG). Design AI-native architectures that embed intelligence into products: context-aware assistants, automated decision support, and self-healing infrastructure. Demonstrate mastery of prompt engineering, model evaluation, and responsible AI practices. Leverage AI-assisted development tools (GitHub Copilot, Claude, Cursor) and set the standard for the team. Evaluate emerging AI technologies (foundation models, multi-modal AI, MCP, A2A protocols) and drive adoption where they create measurable value. Cross-Functional Leadership & Influence Act as the technical conscience across multiple teams and functions – challenging the status quo and providing recommendations to improve processes, tooling, and practices. Coach engineers at all levels, sharing specialised knowledge in architecture, AI, and software craftsmanship. Represent SPE in architecture guilds and technology leadership forums. What You Should Bring System Design & Architecture Proven track record designing and delivering large-scale distributed systems in production (microservices, event-driven, serverless architectures). Deep expertise in at least one cloud platform (AWS preferred) with infrastructure-as-code (CloudFormation, CDK, Terraform) and containerisation (Docker, Kubernetes). Cloud certifications are a plus. Strong knowledge of domain-driven design (DDD), CQRS, API gateway patterns, and system decomposition strategies. Software Engineering Strong proficiency in one or more modern programming languages (e.g., Python, JavaScript/TypeScript, Go, Java, Rust) with the ability to work across the full stack. Experience building frontend applications with modern frameworks (e.g., React, Angular, Vue) with focus on performance, accessibility, and component-driven design. Proficient in backend development with appropriate frameworks and database technologies (relational and/or NoSQL). Strong testing discipline and CI/CD experience. AI & Agentic Systems Hands-on experience building AI-powered applications: agentic workflows, RAG pipelines, LLM integrations, and prompt engineering at production scale. Familiarity with AI orchestration frameworks and foundation model capabilities, limitations, evaluation, and responsible AI principles. Leadership & Influence Demonstrated ability to influence technical direction across multiple teams without direct authority. Excellent communication for architecture documents, ADRs, and standards. Strong track record of coaching engineers. A challenger mindset: you question assumptions, propose better alternatives, and drive innovation. Basic Qualifications Bachelor’s or Master’s degree in Computer Science, Computer Engineering, or a related technical field. 16+ years of hands-on software development experience across frontend and backend systems, with at least 4 years in a senior/lead architecture role. Strong foundation in computer science fundamentals, data structures, algorithms, and software architecture. Effective communication skills with the ability to influence at a cross-functional level. High intellectual curiosity and commitment to continuous learning. Additional Skills / Preferences Experience in regulated industries (e.g., Life Sciences, Healthcare) or familiarity with compliance frameworks (GxP, HIPAA, SOX). Contributions to open-source projects, technical publications, or a visible engineering community presence. Experience with platform engineering, developer experience (DX) tooling, or multi-modal AI in enterprise contexts. Lilly is dedicated to helping individuals with disabilities to actively engage in the workforce, ensuring equal opportunities when vying for positions. If you require accommodation to submit a resume for a position at Lilly, please complete the accommodation request form ( https://careers.lilly.com/us/en/workplace-accommodation ) for further assistance. Please note this is for individuals to request an accommodation as part of the application process and any other correspondence will not receive a response. Lilly does not discriminate on the basis of age, race, color, religion, gender, sexual orientation, gender identity, gender expression, national origin, protected veteran status, disability or any other legally protected status. #WeAreLilly","['python', 'java', 'javascript', 'typescript', 'react', 'angular', 'vue', 'aws', 'azure']","['gcp', 'docker', 'kubernetes', 'microservices', 'terraform', 'go', 'ci/cd', 'api', 'cloud']",16.0,,lead,"India, Hyderabad",India,onsite,contract,Masters,Computer Science / IT,Pharmaceutical / Life Sciences,,,INR,Posted 5 Days Ago,True,,,,False
R-102759,Senior Principal Software Engineer,Eli Lilly,"At Lilly, we unite caring with discovery to make life better for people around the world. We are a global healthcare leader headquartered in Indianapolis, Indiana. Our employees around the world work to discover and bring life-changing medicines to those who need them, improve the understanding and management of disease, and give back to our communities through philanthropy and volunteerism. We give our best effort to our work, and we put people first. We’re looking for people who are determined to make life better for people around the world. Job Description About the Technology Organisation Technology at Lilly builds and maintains capabilities using pioneering technologies like most prominent tech companies. What differentiates Technology at Lilly is that we create new possibilities through tech to advance our purpose – creating medicines that make life better for people around the world, like data-driven drug discovery and connected clinical trials. We hire the best technology professionals from a variety of backgrounds, so they can bring an assortment of knowledge, skills, and diverse thinking to deliver solutions in every area of our business. About the Business Function The Software Product Engineering (SPE) team is a specialised engineering group that delivers strategic solutions and differentiated capabilities. We take a forward-thinking approach, focusing on an enterprise platform and product mindset, ensuring that the solutions we build can be leveraged across Technology teams for broader impact and efficiency. Role Summary As a Senior Principal Software Engineer, you will be a recognised technical expert who owns the architecture, design, and delivery of complex, business-critical software systems. This is a deep-tech, hands-on leadership role where you will drive system design decisions across multiple technology domains, champion AI and agentic engineering practices, and solve highly complex problems that span teams and platforms. You will shape technical direction, apply DevSecOps principles, and establish best-practice architecture patterns that scale across the organisation. Your influence will extend across multiple teams and capabilities, raising the engineering bar and delivering measurable business impact. What You’ll Be Doing System Design & Architecture Own end-to-end system design for complex, distributed systems – from high-level architecture through to component design and data modelling. Design scalable, fault-tolerant microservices and event-driven architectures on AWS (ECS Fargate, Lambda, Step Functions, EventBridge, SQS/SNS, API Gateway). Lead architectural reviews; author design documents including system context diagrams, sequence diagrams, and capacity plans. Drive refactoring, re-platforming, and modernisation of legacy systems into cloud-native, containerised solutions. Establish and enforce architecture standards and patterns (CQRS, event sourcing, saga, circuit breaker) across teams. Hands-On Engineering Write production-grade code across the stack: backend (Node.js/TypeScript, Go, Python), frontend (React/Next.js), and infrastructure-as-code (CloudFormation/Terraform). Build robust APIs (REST, GraphQL), real-time layers (WebSockets, SSE), and high-throughput data pipelines. Implement DevSecOps practices: CI/CD (GitHub Actions, CodeBuild), automated security scanning, container orchestration, and observability (CloudWatch, Datadog, OpenTelemetry). AI & Agentic Engineering Architect agentic systems that reason, plan, and execute multi-step workflows using LLM orchestration frameworks (LangChain, LangGraph, CrewAI, or custom architectures). Build RAG pipelines, vector search systems, and knowledge graph integrations for enterprise use cases. Implement tool-use patterns, function calling, and agent-to-agent communication for composable, reliable AI agents. Evaluate and deploy foundation models; establish guardrails, prompt management, and evaluation frameworks for production AI. Champion responsible AI – safety, explainability, bias mitigation, and healthcare regulatory compliance. Technical Leadership & Influence Act as the go-to technical authority across multiple teams for system design and complex problem solving. Mentor engineers; drive and enforce process improvements ensuring the team understands benefits and tradeoffs. Promote innovative ideas across multiple teams and capabilities; author ADRs, technical standards, and engineering playbooks. How You Will Succeed Break down complex problems into clear, implementable solutions with measurable business impact. Deliver well-architected, performant, secure, and operable systems at scale. Build trust as a recognised expert in at least one major domain (distributed systems, cloud architecture, AI/ML, frontend platforms) while maintaining breadth across the stack. Drive adoption of AI-assisted development (GitHub Copilot, Claude, agentic coding tools) to accelerate team velocity. Navigate cross-team dependencies and align stakeholders on technical direction. What You Should Bring Expert-level proficiency in at least one backend language (Node.js/TypeScript, Go, Python, Rust, or Java) with strong knowledge of a second. Deep understanding of system design: distributed systems, CAP theorem, consistency models, sharding, caching, and load balancing. Extensive AWS experience: compute (ECS, Lambda), storage (S3, RDS, DynamoDB, ElastiCache), networking (VPC, API Gateway, CloudFront), and IaC. Strong frontend skills with React/Next.js, TypeScript, state management, and performance optimisation. Proficiency in relational (PostgreSQL), NoSQL (DynamoDB, MongoDB), and vector databases (Pinecone, pgvector). Hands-on experience with AI/ML applications – LLM integration, RAG systems, agentic workflows, and AI orchestration frameworks. Proven ability in refactoring, re-platforming, DevSecOps, CI/CD, container orchestration (Docker, Kubernetes), and observability. Basic Qualifications Bachelor’s or Master’s in Computer Science, Computer Engineering, or a related field. 10+ years of hands-on software development with significant depth in system design and architecture. Demonstrated ability to solve highly complex problems across at least one major technology domain. Track record of designing and delivering large-scale, production-grade distributed systems. Strong communication skills; ability to collaborate across backend, frontend, DevOps, platform, and product teams. Additional Preferences AWS Solutions Architect or Kubernetes certifications. Experience building agentic AI systems or autonomous workflow engines in production. Open-source contributions, technical writing, or conference presentations. Experience in regulated industries (Life Sciences, Healthcare) with compliance knowledge (GxP, HIPAA). Lilly is dedicated to helping individuals with disabilities to actively engage in the workforce, ensuring equal opportunities when vying for positions. If you require accommodation to submit a resume for a position at Lilly, please complete the accommodation request form ( https://careers.lilly.com/us/en/workplace-accommodation ) for further assistance. Please note this is for individuals to request an accommodation as part of the application process and any other correspondence will not receive a response. Lilly does not discriminate on the basis of age, race, color, religion, gender, sexual orientation, gender identity, gender expression, national origin, protected veteran status, disability or any other legally protected status. #WeAreLilly","['python', 'java', 'typescript', 'react', 'node.js', 'postgresql', 'mongodb', 'aws']","['docker', 'kubernetes', 'microservices', 'terraform', 'go', 'ci/cd', 'devops', 'api', 'cloud']",10.0,,lead,"India, Hyderabad",India,onsite,full-time,Masters,Computer Science / IT,Pharmaceutical / Life Sciences,,,INR,Posted 5 Days Ago,True,,,,False
2125128,"Principal, Full Stack Engineer",Fidelity Investments,"Job Description: Job Title – Principal Full Stack Engineer The Purpose of this Role We are looking for a highly skilled Principal Full Stack Engineer to lead the design, development, and delivery of our Workload Orchestration platform. In this role, you will drive execution of the product roadmap, influence architectural decisions, and partner closely with Product Owners, Architects, and Business Unit teams to deliver scalable, resilient, and modern orchestration solutions that support our enterprise-wide cloud and digital transformation initiatives. You will act as a technical leader—shaping strategy, mentoring engineers, ensuring engineering excellence, and bringing forward innovative solutions that enhance developer experience, observability, automation, and workload operations across Fidelity. The Value you Deliver Technical Leadership & Delivery Design, develop, and maintain high‑quality software components for core Workload Orchestration applications. Strong proficiency in Test-Driven Development (TDD): Ability to design and write unit / integration tests. Ensure performance, security, and scalability of modern microservices across cloud and on‑prem ecosystems. Build and optimize CI/CD pipelines, automation frameworks, and deployment workflows. Participate in and lead code reviews, design reviews, and architectural discussions. Develop engineering tools, documentation, and processes that elevate the developer experience. Test and evaluate features of new products and provide technical insights for adoption. Drive the standardization and evangelization of enterprise‑level orchestration strategies. Collaboration & Strategic Influence Work closely with Product Owners, Application Architects, and Data Architects to define roadmaps and deliver impactful solutions. Partner with cross‑functional engineering teams to understand requirements and provide technical guidance. Promote adoption of recommended solutions across business units to improve visibility, operability, and reliability. Influence technical decision‑making and contribute to long‑term engineering strategy. Innovation & Continuous Improvement Stay current with emerging technologies, orchestration platforms, developer tools, and industry trends. Research and introduce innovative practices to improve developer workflows and system reliability. Ensure exceptional developer and customer experiences through best‑in‑class engineering solutions. The Skills that are Key to this Role Core Technical Skills Strong full‑stack development experience with modern frameworks and microservice architectures. Proficiency in: Shell scripting, SQL, Python Linux administration Solid working knowledge of Oracle and Postgres databases. Hands-on experience in building and maintaining CI/CD pipelines. Strong understanding of REST APIs, integration patterns, and automation. Knowledge of Disaster Recovery (DR), High Availability (HA), and enterprise‑grade architectures. Ability to guide and approve unit, integration, and functional testing practices. Experience with open‑source orchestration tools ( Apache Airflow, Prefect ). Experience with enterprise scheduling tools ( Control‑M, AutoSys ). Hands‑on experience managing workload orchestration infrastructure. Cloud experience in: AWS (EKS, Lambda, EC2, Step Functions, Batch, IAM, S3, Networking) Azure (AKS, Functions, Networking) Strong understanding of containers (Docker) and Kubernetes platforms (EKS, AKS) . Knowledge of Observability & SRE practices . Experience with stress testing, chaos engineering, and FMEA . Familiarity with AI/ML concepts (added advantage). Hands‑on experience with JFrog Artifactory for artifact management, repository configuration, and CI/CD pipelines. Proficiency in automated testing frameworks , including Cucumber (BDD), unit testing, integration testing, and regression testing. Deep understanding of software testing methodologies and tools, such as Swagger, Postman, JUnit/TestNG, Cypress, or equivalent. Behavioural Skills Strong communication and stakeholder management. Proven leadership and mentoring capability. Ability to work across geographies and collaborate with global teams. Analytical mindset with problem-solving orientation. How your Work Impacts the Organization You will be a key member of the Workload Orchestration Engineering team within the Enterprise Infrastructure & Operations BU. Your work will directly shape the orchestration strategy for the enterprise, influencing how workloads are automated, monitored, and optimized across multiple business units globally. You will collaborate with teams across the US and India to deliver highly reliable and scalable solutions for Fidelity’s mission-critical workloads. The Expertise we are Looking fo r Bachelor’s degree in computer science, Engineering, or related field. 10+ years of experience in software engineering with a focus on full-stack and backend development. Location: Chennai/Bangalore Shift timings : 11:00 am – 8:00 pm Certifications: Category: Information Technology","['python', 'sql', 'oracle', 'aws', 'azure', 'docker']","['kubernetes', 'microservices', 'linux', 'r', 'airflow', 'ci/cd', 'cloud']",10.0,,lead,Bangalore,India,onsite,full-time,Bachelors,Computer Science / IT,Financial Services,,,INR,Posted 25 Days Ago,True,,,,False
2123844,"Principal, Full Stack Engineer",Fidelity Investments,"Job Description: Job Title: Principal, Full Stack Engineer The Purpose of This Role As a Principal Software engineer you will be applying your strong software engineering practices (implementation and validation) to design, develop, test, deploy, maintain and improve Fidelity customer-facing and integration software solutions including exploring and developing frameworks, reusable assets. You will also be supporting your team in adopting best practices to ensure we are building the right product, and we are building it right. You will be working closely with architects to understand the standards. You are encouraged to quickly gain an understanding of all the components of our platform to be able to lead and chip into strategic roadmaps and initiatives related to the improvement, maintenance, and support of the platform and tools. Being technically competent is telling only half of the story. We believe that delivering the best possible customer experience requires an artful blend of human ingenuity and technology. While we value smart technologists, we are fanatics about our Culture Code that promotes leadership at all levels. The Value You Deliver Understand the leadership vision and execute on that vision. Contribute to own entire features from concept to deployment working on cross-functional activities Use your experience and knowledge to influence better software design, promote proper software engineering Pro-active consulting in the definition phase about the non-functional requirements and its financial implications. Provide technology alternatives to business problems and clearly explain the advantages, problems and side-effects of alternatives. Ensure operability of technical architecture by partnering with the Enterprise Architects, project teams and taking responsibility for the technical design dispensations Manage technology obsolescence of the product and aligning to enterprise directives Identifying opportunities to bring emerging technologies/solutions to deliver innovative solutions to meet business objectives. Help strengthen further the culture of innovation by setting examples Exercise a passion for keeping your knowledge up-to-date with the latest and greatest Help maintain the high level of integrity in the team Take ownership and accountability for determining what needs to be done Providing unified experience to access technical assets and resources Implement consistent standards for API development, deployment Coordinate publishing and consumption in the API Marketplace The Skills that are Key to this role Technical Extensive development experience (currently hands on) in Java, Spring MVC / Spring Core / Spring Boot Web Services (REST) and configuring web containers. Hands on experience in Messaging and Event driven design and development Working Knowledge of API management software such as stratum and other integration technologies such as messaging, streaming etc. IDE’s Spring Tool Suite, and Eclipse, within a UNIX and Windows environment. Application build, deploy using Continuous Integration/ Deployment (CI/CD) tools – Swagger/Git/Jenkins/uDeploy/Docker etc Deep knowledge of Azure/AWS offerings and well versed with cloud based solutions design/architecture Must have experience in designing Micro services and performance fine tuning of services Understands and applies fundamental design principles behind a scalable, low latency, high throughput distributed application Familiar with various design and architectural patterns and their application Champions best practices for various aspects of engineering excellence like CICD, design reviews, code reviews, unit testing, across technology stack Hands-on experience with Dev Assist Tools Behavioral Be Collaborative: Work in partnership with the users, Architecture and Engineering teams to design, build and deliver end-to-end solutions. This individual will also help the fellow team members in ramping up on the new architecture and technology landscape Be Creative : Promote and foster an environment of innovation to deliver new product solutions to market which help improve scale and efficiency, business growth and investment performance Influence Others : In partnership with the delivery and engineering leads in US, Ireland and India, help advance and support product, delivery and technical practices Inspire Others: Demonstrate a deep passion for technology and financial domain and create an ability to tap into the creative minds of the engineering team The Skills that are Good To Have for this role Exposure to Mainframe/C++ or other legacy tech re-platforming projects is desirable. Experience in US Financial Services industry domain . You should have relevant experience working with Agile teams You should have the effective influencing and communication skills to lead a high performing technology team. You should be proactive and have demonstrated ability to lead from front, and motivate team to deliver the best Exposure to emerging technologies like AI/ML, Data Analytics/Visualization, and Speech Recognition will be an advantage How Your Work Impacts the Organization Fidelity Enterprise Architecture – Enterprise Framework and Integration Services Center of Excellence to build and support outstanding products for its highly business critical applications. Our architecture and engineering team is innovative, diverse, passionate and self-driven. We work in a very dynamic agile environment. The Expertise We’re Looking For 12+ years of IT relevant experience Location : Bangalore – Manyata / Chennai Shift timings : 11am – 8pm IST. The working hours will be flexible so that the incumbent can provide adequate overlap with the US based squads and other stakeholders. Certifications: Category: Information Technology","['java', 'aws', 'azure', 'docker', 'jenkins']","['git', 'agile', 'spring boot', 'ci/cd', 'api', 'cloud']",12.0,,lead,Bangalore,India,onsite,full-time,,Computer Science / IT,Financial Services,,,INR,Posted 17 Days Ago,True,,,,False
2115987,"Director, Digital Assets Engineer",Fidelity Investments,"Job Description: Job Title – Director The Value you Deliver Asset Management Technology is seeking a highly motivated professional for the Fidelity Digital Asset Management - technology team in India.  This individual will partner very closely with various Fidelity Digital Asset Management Technology teams, in addition to the broader Asset management technology teams to contribute to the Digital Asset Management platform for Tokenization and Crypto Products. The associate would need to have a thorough experience in Engineering and Agile practices along with Stakeholder management. The associate is expected to Fullstack Engineer with technical knowledge of different areas but not limited to AWS Cloud, Application Development using Java/J2EE and Blockchain related technologies. A thorough knowledge of CI/CD processes would be an added advantage. The Purpose of Your Role The Fidelity Digital Asset Management Technology team is responsible for Digital Asset Management platform for Tokenization and Crypto Products. This role is for an Engineering Technical Lead for this team in India Enforce Engineering practices with all team members globally Contribute to Deliveries and Releases of the Digital Asset Management platform and related components on AWS Cloud Work with Global Stakeholders and ensure effective deliveries are done by the India team Communicate effectively with other AMTech Application teams and ensure adoption of IT Blueprint for application with upstream and downstream dependencies This is a leadership position requiring significant experience working with large multifunctional teams, organizational skills, managing stakeholders, and promote engineering and Agile practices with experience preferably in the Asset Management domain The Skills that are Key to this role Behavioral Be Collaborative: Work in partnership with the AM Architecture and Engineering teams to design and build end-to-end solutions to enable Digital Asset Management platform on AWS Cloud Be Strategic: Partner with other key team members (and other AM teams) to provide strategic direction to help execute the multi-year product roadmap and to various organizational initiatives Be Transformative: Encourages or able to cause positive and lasting change, challenges status quo. Fosters an ethical work environment with clear values, priorities and standards Be an Organizational Leader: Puts firm’s interest ahead of individual or group’s interest, speak their mind respectfully, takes smart risks to advance business, coaches others to their full potential, empowers decision making and owns the outcome Influence Others : In partnership with the delivery and engineering leads in Boston, Ireland, and India, help advance and support product, delivery and technical practices including continuous integration, continuous delivery, and automated testing within your team and across the organization Lead the team: As a Chapter Lead for several Squads, help manage the priorities and provide technical expertise, direction and engineering excellence for the Squad. Responsible for Act as a single point of accountability for the Engineering practices and ensure appropriate governance is in place. Manage, develop, and empower associates within the Chapter to aid in career growth and enable the delivery of increased value in their teams. Inspire Others: Demonstrate a deep passion for software development and asset management domain in general and create an ability to tap into the expertise of the engineering team. Passion to drive innovation at work which contributes to business value through scale and efficiency, business growth and/or investment performance Technical Strong hands on experience in working on key initiative and green-field Engineering projects Strong understanding of Engineering Practices like Code Review, Branching Patterns, etc Global Stakeholder management and Strong Communication skills Mentoring And Coaching fellow squad members Required Technical skillset: AWS Cloud App Development using Java related technologies Streaming and Messaging technologies Authentication frameworks CI/CD Pipelines Testing Tools like Karate Experienced in ALM tools like JIRA, Confluence, Jenkins, Git Added hands-on experience with Blockchain, UI and/or DB technologies will be an advantage AWS certification is good to have How Your Work Impacts the Organization Asset Management Technology (AM Tech) is the business unit that is responsible for delivering innovative, scalable, industry-leading investment tools that enable Fidelity’s Investment & Asset Management business to achieve competitive advantage globally. AM Tech is an integral partner in setting Asset Management's strategic direction and has shared accountability for achieving Asset Management goals. AM Tech is global organization of technologists based in the United States, London, India and Ireland. Supporting multiple business function in Investment Management and Advisory domain like Portfolio Management, Research & Trading. The Expertise We’re Looking For BE/MCA 14+ years of industry experience AWS Certified Developer Associate / Architect Associate (Optional) Location : Bangalore - Manyata/EGL Shift timings : 11:00 am - 8:00 pm Certifications: Category: Information Technology","['java', 'aws', 'jenkins', 'git']","['agile', 'jira', 'confluence', 'ci/cd', 'cloud']",14.0,,lead,"Bangalore, Karnataka",India,onsite,full-time,,Computer Science / IT,Financial Services,,,INR,Posted 17 Days Ago,True,,,,False
2124012,Principal Systems Analyst,Fidelity Investments,"Job Description: Job Title – Principal Systems Analyst The Purpose of This Role We are seeking an experienced Principal Systems Analyst to join our technology organization building a modern, enterprise-grade, multi-tenant platform in our Fidelity Health Benefits Platform (FHB) team within Workplace Investing (WI). In this role, you will act as a key connector between business objectives, product vision, and engineering execution . You will leverage developer‑assist and analytics tools to deeply understand application systems, data flows, and technical constraints, while shaping product priorities and translating functional needs into actionable, high‑quality backlogs. How your Work Impacts the Organization This role is critical to ensuring that large‑scale, enterprise systems evolve in a way that is both technically sound and aligned with customer and business outcomes . The ideal candidate is deeply committed to improving the value delivered to our customers. In this role, you will collaborate with other leaders to establish the standards for your chapter, influence the strategic decisions and lead solutions in your expertise. You are committed to developing your own expertise and knowledge to bring the latest thinking to your role to empower others with that knowledge. The Value You Deliver As a Principal Systems Analyst, your work will directly influence how effectively teams build, scale, and maintain capabilities in the FHB platform. You will: Enable informed decision‑making by providing deep insight into applications, workflows, and data. Create clarity and alignment across product, engineering, and business stakeholders. Improve delivery outcomes by ensuring backlogs are well‑structured, prioritized, and technically feasible. Help teams move faster with confidence by reducing ambiguity and surfacing dependencies, risks, and opportunities early. Your contributions will ensure that efforts translate into measurable customer value and sustainable system evolution . The Skills and Expertise we are Looking for Technical & Analytical Skills Strong experience analyzing enterprise systems, APIs, integrations, and data models. Ability to work directly with: Application logs, metrics, and monitoring tools, Databases (SQL‑based and/or NoSQL), REST APIs and service contracts Comfortable using developer assist tools to accelerate analysis and insight generation. Solid understanding of software architecture principles, SDLC, and distributed systems. Backlog & Product Skills Expertise in backlog creation, prioritization, and refinement. Good understanding of Agile methodologies (Scrum, Kanban, or hybrid models). Ability to balance short‑term delivery needs with long‑term platform health. Communication & Leadership Exceptional ability to communicate complex technical concepts in clear, actionable terms. Demonstrable experience influencing priorities without direct authority. Behavioral Competencies Strong problem‑solving abilities. Proactive, curious, and comfortable operating in ambiguous environments. Good communication and people-interaction skills. Organized and have a continuous improvement mentality. Experience & Background 10+ years of experience in systems analysis, business analysis, or technical product roles within enterprise environments. Experience working with evolving platforms that require continuous modernization. Prior exposure to healthcare, benefits administration, or other regulated domains is a strong plus. Location: Bengaluru, Chennai Shift timings : 11:00 am - 8:00pm Certifications: Category: Information Technology",['sql'],"['agile', 'scrum']",10.0,,lead,"Block 1 DT, Chennai India",India,hybrid,contract,,Computer Science / IT,Financial Services,,,INR,Posted 17 Days Ago,True,,,,False
2124461,Lead Software Engineer,Fidelity Investments,"Job Description: Job Title – Lead Software Engineer The Purpose of Your Role We are looking for a highly skilled Lead Quality Engineer to drive quality engineering for our Data Distribution Services products. These platforms are deeply data-centric, enabling critical data flows across the organization. The role requires a strong understanding of data validation, API testing, automation practices, and modern QE principles. You will partner closely with Product Owners, business teams, engineering groups, and other key stakeholders in an agile environment. A continuous focus on automation, data correctness, and engineering excellence is essential. As a QE leader, you are expected to guide the team, improve processes, and ensure high-quality releases for our data-driven products. The Value You Deliver Leading QE strategy, execution, and delivery of high‑quality data distribution services. Ensuring thorough validation of data correctness, completeness, and consistency across systems. Driving an automation-first approach with a focus on API, data, and workflow validation. Providing technical leadership and best practices for testing frameworks, test design, and QE processes. Supporting mission-critical data systems with reliability, scalability, and long-term maintainability. Collaborating effectively with global, cross-functional teams to ensure quality outcomes. The Skills that are Key to this Role Strong data-centric testing mindset with the ability to validate complex data transformations. Ability to take full ownership of QE deliverables and lead end-to-end quality strategy. Proven experience in working with geographically distributed, multi-time-zone teams. Strong communication, analytical, and problem‑solving skills. Ability to understand and reverse-engineer existing applications and data flows. A solid product mindset , ensuring focus on customer value and usability. Technical / Behavioral Skills Extensive experience in systems analysis, test strategy, test design, automation development , and validation of enterprise-scale applications. Expertise in: API Testing (manual + automation) SQL and data validation Automation tools/frameworks : Selenium, Rest-Assured, Playwright Basic programming skills (for test automation development) Strong experience with Agile / iterative development methodologies. Robust understanding of QE best practices and automation strategy. Python experience is a strong plus , especially as the organization is transitioning to PyFlowx , a Python-based framework for data testing. The Good-to-Have Skills Understanding of data governance, metadata management, and data cataloging . How Your Work Impacts the Organization Corporate Services Technology (CST) builds integrated technology solutions for enterprise-wide business functions. The team is committed to engineering craftsmanship, continuous learning, and delivering impactful technology. This QE role supports the Data Distribution Services under the CST AWST Product Area. These services enable reliable, high-quality data consumption across various business applications, ensuring accuracy and trust in the data used by critical enterprise stakeholders. Your contribution directly strengthens our data delivery ecosystem, influencing user experience, decision-making, and operational efficiency across Fidelity. The Expertise We’re Looking For 6 to 9 years of experience in Quality Engineering or related IT roles. Bachelor’s degree in Computer Science or a related discipline. Location: Bangalore – EGL Shift Timing: 11:00 AM – 8:00 PM Certifications: Category: Information Technology","['python', 'sql']","['agile', 'selenium', 'api']",6.0,9.0,lead,"Bangalore, Karnataka",India,onsite,full-time,Bachelors,Computer Science / IT,Financial Services,,,INR,Posted 7 Days Ago,True,,,,False
2124598,Database Administrator,Fidelity Investments,"Job Description: Job Title – Database Administrator The Purpose of This Role Application DBA – Lead role is a Production Database Support team under WI Data Engineering Team. This team supports various databases to manage WI critical applications for the business. WI Database Administration Support group provides database services related to the Oracle, SQL, PostgreSQL hosted in On-Premises, Azure / AWS and Distributed databases infrastructure for multiple clients facing internal and external applications. Production Support which includes 7x12 on call support, Database Infrastructure Support, performance monitoring, 1st level performance troubleshooting, Risk/Audit compliance and Non-Production database refreshes. Database and Oracle Application Maintenance includes Oracle Database upgrades, Database reorganizations, Security Patching, Application Upgrades. The Value You Deliver Database Administrator is core member of Application Database Support team working on Linux Servers and Oracle databases mainly to ensure stability and availability for Business critical applications. DBA should be able to collaborate with multiple teams to, ·       Ensuring Production Stability ·       Providing database application life cycle support. ·       Database design, development and implementation. ·       Supporting Non-Production and Production environments. ·       Recommending solutions on database and application architecture. ·       Maintaining database security controls and availability. ·       Supporting application tuning. ·       Managing database and server compliance ·       Ensuring data security ·       Providing high availability solutions ·       Try out new technologies to adapt The Skills that are Key to this role Technical /  Behavioral ·       Database designing and configuring in any UNIX / Windows environment. ·       Should possess strong skillset in troubleshooting. ·       Oracle Database Standalone/ RAC ·       Replication technologies ·       SQL Database Management in Windows and Azure ·       PostgreSQL Database Management in Azure ·       AWS/Azure Managed Databases ·       Oracle DBA Knowledge ·       User management ·       Space management ·       Performance tuning ·       SQL tuning ·       Backup and Recovery ·       Disaster Recovery Management ·       RAC with ASM ·       Flashback Technologies ·       Data Masking ·       Database upgrade and patching ·       SQL DBA Knowledge o   Proficiency in installing, upgrading, and configuring SQL Server instances, including setting up various features and services o   Ability to create and modify databases, tables, indexes, and other database objects. o   Expertise in identifying and resolving performance bottlenecks, optimizing queries, managing indexes, and understanding execution plans. o   Implementing and managing database security, including user authentication, authorization, roles, permissions, and data encryption. o   Developing and implementing robust backup strategies, performing data recovery operations, and understanding disaster recovery concepts. o   Implementing and managing solutions like AlwaysOn Availability Groups, Database Mirroring, Log Shipping, and Clustering to ensure continuous data availability. o   Utilizing SQL Server tools and techniques to monitor database performance, identify issues, and troubleshoot problems effectively. o   Strong proficiency in querying, manipulating, and managing data and database objects. o   Familiarity with cloud platforms like Azure SQL Database and Azure SQL Managed Instance if managing cloud-based SQL Server environments. ·       Postgres DBA knowledge ·       Database management skills of data administration, web connectivity/managing connections, physical structure, and overall architecture and database analysis v12 above. ·       Responsible for backup, recovery and upgrading of postgres databases. ETL and data-warehouse design experience. ·       Proficient with major PostgreSQL procedural languages viz, PL/PgSQL as well some Oracle SQL-PL/SQL. ·       Configuring Postgres Streaming Replication, Logical replication, BARMAN, EFM and Load balancing. · Managing monitoring tools for better performance like PGbadger ·       Should have knowledge in Configuring., Monitoring and Administering through OEM ·       Oracle Database ·       GoldenGate ·       ASM ·       Oracle Performance Management ·       Middle Tier ·       Being proactive in maintenance activities and security management. ·       Open to adapt new technologies. ·       Should have strong relationship management skills. ·       Should have knowledge in ITIL process. ·       Having knowledge in EXADATA would be an advantage. ·       Should be able to be part of solutions and problem management. ·       Provide 12x7 support and ensure that all critical database problems are resolved in a timely manner ·       Should have knowledge in GoldenGate replication ·       Configuring and administration ·       Managing all kinds of replication ·       Heterogeneous replication ·       Should have strong knowledge on Unix scripting. ·       Possess knowledge in UDeploy ·       Having knowledge in DevOps model ·       Having knowledge in No-SQL databases ·       Being responsible and taking ownership. ·       Being open to the challenges coming up. ·       Excellent written and verbal communication ·       Excellent problem solving and decision-making skills ·       Ability to work effectively with onshore and offshore partners and team members ·       Be the promoter of change, continuously drive innovation leading by example ·       Must have a flexible attitude and be able to comfortably accommodate change The Skills that are Good To Have for this role ·       Good understanding on Replication Technologies ·       Good understanding on Cloud Technologies and Relational Data Services ·       Good understanding on DevOps tools (Jenkins) ·       Good understanding on NoSQL databases (Aerospike) ·       Good understanding on Distributed databases concepts Yugabyte/Aerospike/Snowflake How Your Work Impacts the Organization You would be able to contribute in maintaining stability of our databases by upkeeping infrastructure uptime through appropriate security patches, upgrades and database monitoring, managing the stakeholder’s deliverables, being a mentor for group of DBA’s on technology front and especially managing the performance of databases to meet the service timelines. Being a change agent to adapt to new technologies. The Expertise We’re Looking For ·       3+ years of IT experience ·       Engineering Graduate Certifications: Category: Information Technology","['sql', 'postgresql', 'oracle', 'aws', 'azure', 'jenkins']","['linux', 'snowflake', 'devops', 'data engineering', 'etl', 'cloud']",3.0,,junior,"Block 1 DT, Chennai India",India,onsite,internship,,Computer Science / IT,Financial Services,,,INR,Posted 10 Days Ago,True,,,,False
2120492,PRINCIPAL - QUALITY ENGINEERING,Fidelity Investments,"Job Description: Job Title : PRINCIPAL - QUALITY ENGINEERING This role, as part of the WI QA group, will be critical in supporting development of our capabilities relative to automation including: supporting execution of our automation road map, working with team members to develop infrastructure and tools required across multiple technology stacks, working within guidelines and offering suggestions relative to governance procedures and overall development standards. The Purpose of This Role The primary objective of the WI QA team is to enable the WI business in the US, while working with IT business partners in the US in a well-integrated way. Over the past 10 years the team has developed technical expertise on various functions within each business line of Workplace investments, across strategic new products and within data engineering. We strive to achieve technical excellence in each of these functions and help the WI business accomplish its long-term objectives. This role focuses on the development of Automation Infrastructure in support of business needs and the technology evolution to a DevOps culture. The Value You Deliver Translate business and systems requirements into technical requirements for automation and software tools & framework. Design, develop, document, and maintain automated tests and software tools. Actively contributing in the day-to-day planning, design, execution, and reporting of automation metrics and KPI’s Adhere to software engineering principles in development of automation software and develop software to test software and keeping zero tech debt with sonar quality gate. Understand and apply test driven/behavior driven design concepts to test and debug automated solutions and software utilities developed by self and others. Do white box testing where required Deliver accurate and maintainable code for automated test suite and software utilities. Collaborate with other technical resources to: Suggest improvements for processes, best practices, and standards. Find opportunities to improve maintainability of automation platform. The Skills that are Key to this role Technical / Behavioral Strong hands-on experience in building automation test frameworks, test suites from scratch, maintain and scale using – Java, TypeScript, Cucumber, REST Assured, Karate Candidate should have a good understanding of the software development process including analysis, design, coding, system and user testing, problem resolution, and planning Experience working with CI/CD pipelines (Bitbucket, Udeploy, Jenkins, Concourse) You should have good analytical skills and high ability to learn and adapt to new processes Good understanding of Automation Frameworks – Behavior / Data / Key word Driven, Hybrid You should be able to optimally debug and test own automation code, software code You should have good Written and verbal communication and presentation skills Your ability to work optimally with both business customers and project team members will be a strong factor that will be considered Good interpersonal, relationship management and facilitation skills The Skills those are good to have for this role The following experience is mandatory: Hands on experience on Java & Cucumber Hands on experience in setting up automation frameworks from scratch & scale Hands on experience on REST Assured Webservices / API Testing Experience with one or more of the following is a plus: Jenkins/Git Stash Azure/AWS Services How Your Work Impacts the Organization The primary objective of the Workplace Solutions team is to enable the WI business in the US, while working with IT business partners in the US in a well-integrated way. WI comprises five business lines - Defined Contributions, Defined Benefits, Stock Plan Services and Health Care Group and Health Savings Account. Over the past 10 years the WS team has developed technical expertise on various functions within each business line of Workplace investments, across strategic new products and within data engineering. The Expertise we’re looking for 10+ years of Hands-on Testing experience, which includes any of the following: 5+ year using Java/Typescript & Cucumber preferred 5+ years of automation scripting experience (not record and playback) 5+ years of experience in API / Webservices testing using REST Assured Bachelor’s or Master’s Degree in Computer Science, Computer Engineering, or other related field Java / AWS / Azure certification will be a plus Knowledge of Performance testing or hands on experience will be a plus Location: Shift timings : 11:00am - 8:00pm Certifications: Category: Information Technology","['java', 'typescript', 'aws', 'azure', 'jenkins']","['git', 'ci/cd', 'devops', 'data engineering', 'api']",10.0,,lead,Bangalore,India,hybrid,full-time,Masters,Computer Science / IT,Financial Services,,,INR,Posted 30+ Days Ago,True,,,,False
2119147,Lead - Advanced Data Analytics and Insights,Fidelity Investments,"Job Description: Job Title: Lead - Advanced Data Analytics and Insights Are you passionate about generating insights that help teams develop great customer experiences and make strategic decisions that drive business performance? Come join a world-class analytics team to help teams uncover key insights to empower the creation of the best customer experiences in the Financial Services industry. The Purpose of This Role As part of CKSI (Customer Knowledge & Strategic Insights Group) and aligned to the Lifetime Engagement product area, you will collaborate with a team of passionate and hardworking cross-functional members within your team and across Fidelity's Wealth business. Your team’s focus is to develop strategies that would drive the adoption of retail investing relationship in WI participants, and inform business decisions with data and insights. As an analytics Lead in this area, you will employ your analytical expertise working directly with business stakeholders to generate the information, knowledge and insights that drive business decisions and shape business goals for the product area and beyond.  You will inform business leaders on KPIs, metrics and trends therein, through development of robust and reliable reporting processes, and interpret the key developments observed, to derive actionable insights. You will work with your stakeholder squad to generate insights employing multiple techniques: customer analytics (e.g., mine customer databases to understand customer audiences, uncover hidden patterns and inform targeting), cross-channel analytics (phone, web, branch), experimentation, and measurement of in-market tests. In addition, as a member of the Analytics Chapter within Fidelity’s Customer Knowledge and Strategic Insights (CKSI) group, you will be part of the team responsible for maintaining / developing best-in-class analytical and research expertise, developing standards, and scaling self-serve data analytics, testing and experimentation approaches. The Value You Deliver You will enable business leaders to understand key outcomes related to the expansion of retail investing relationship to WI customers and related to the offerings and experiences involved. You will be the source of truth on KPIs such as those around Rollover, NCIs and Crossovers, for all stakeholders across Wealth and Brokerage You will, through your analysis, empower business with insights about the trends and drivers of customers journey from WI to retail investing through Wealth and Brokerage. You enable development of business strategies through analytics that decodes customer behavior and engagement You drive continuous improvement in data analytics and research capabilities, and you spread that knowledge and expertise throughout the organization The Skills that are Key to this role You need to bring structured thinking, a data-driven approach, business savvy and a collaborative spirit to partner with stakeholders and understand critical business questions. Ability to design analytical processes employing large datasets. Strong querying skills will be required Familiarity with design, development and deployment of robust reporting systems that span across raw data validation, table structure design, data transformation and visualization You need to be able to translate quantitative analyses and research findings into accessible visuals for non-technical audiences, providing a clear view into interpreting data, and crisply communicating recommendations. You need to bring passion to your work and operate with a sense of purpose that inspires and motivates those you work with. You are expected to be intellectually curious, take initiative, and love learning new skills and capabilities. How Your Work Impacts the Organization The CKSI (Customer Knowledge & Strategic Insights Group) is a research and analytics group with a mission to proactively anticipate and predict our clients’ needs and future behaviors using Data, Analytics, Customer Research and AI Solutions, so we can deliver a more valuable client experience and generate stronger lasting relationships. By being a part of the Analytics & Research Chapter in CKSI you and your work are playing a critical role in powering Fidelity’s future. The Expertise We are Looking For Prior exposure to Data Analytics Bachelor’s and Post-graduate qualification from top-tier institutions. MBA or equivalent qualification would be preferred Bachelor’s degree in a quantitative / technical field such as Engineering, Economics, Statistics and / or MBA Proficiency with programming / database querying tools (SQL, R, Python, etc.) Prior exposure to measurement analytics e.g. test and control or A/B testing Experience with data visualization applications (Qlik, Tableau, etc.) Location: Bangalore - EGL Shift timings : 11:00 am - 8:00pm (these are the official working hours so as to enable overlap with the US; that said, associates can exercise flexi  logins/logouts from office and work remote for calls/meetings with the US) Certifications: Category: Data Analytics and Insights","['python', 'sql']","['tableau', 'r']",,,lead,"Bangalore, Karnataka",India,remote,full-time,Masters,Finance / Commerce,Financial Services,,,INR,Posted 17 Days Ago,True,,,,False
2124601,Director Architecture - Data Integration Platform,Fidelity Investments,"Job Description: Director Architecture – Asset Management Technology The person playing the Director Architecture role would work on designing and architecting applications for Fidelity’s Asset Management business. The key responsibilities include: Design Highly Available, Scalable, resilient solutions for applications operating in the cloud Prototyping and solution recommendation for implementing business capabilities Collaborate with key partners & influence in adopting emerging technologies Coach the engineers to deliver robust solutions The Skills that are key to this role: Architecture Must have · Deep experience in architecting, designing & building highly scalable applications · Proven ability to architect applications to operate in the cloud · Expertise to evaluate, prototype, and recommend open source or vendor technologies · High awareness of emerging technologies & architectural patterns · Ability to create solutions agnostic of technologies. #poly-tech #versatalist · Expertise in designing & implementing complex distributed systems involving Micro-services & Event-driven architectures Good to have Experience in designing & implementing common platforms/PaaS/SaaS like systems undefined Technical (We firmly believe deep engineering experience is a foundational trait for architects) Must have skills Proven experience of implementing ETL systems Proven experience of working with relational databases Expertise in developing and deploying applications on AWS Hands-on experience with containers (Docker) Hands-on experience with Kubernetes Experienced in Git, Maven/Gradle, Jenkins (Data modeling, PL-SQL, Performance tuning, etc.,) Hands-on experience in developing applications using java & Spring ecosystem Hands-on experience in developing applications using Messaging or Streaming Good to have skills Hands-on experience in developing Angular applications Basic-Intermediate skills with Python eco-system Exposure to Non-relational Databases Exposure to Apache ActiveMQ/RabbitMQ/Kafka/Kinesis Exposure to Kubernetes is an added advantage AWS Certification is an added advantage CNCF Kubernetes certification is an added advantage Proven ability to design & execute performance tests. Ability to identify performance bottlenecks & resolve them Thorough knowledge of CI/CD processes, DevOps & SRE is an added advantage Behavioral/Leadership Strong communication skills Ability to influence technology & business leaders to prioritize technology investments Ability to fearlessly express ideas and perspectives to stakeholders across the globe The value you deliver Enabling Fidelity’s Asset Management business to deliver high value to customers by providing a state of art technology backbone Build understanding of emerging technologies and evangelize their value for the firm Coach the engineering teams to achieve technology excellence How Your Work Impacts the Organization Asset Management Technology (AM Tech) is the business unit that is responsible for delivering innovative, scalable, industry-leading investment tools that enable Fidelity’s Investment & Asset Management business to achieve a competitive advantage globally. AM Tech is an integral partner in setting Asset Management's strategic direction and has shared accountability for achieving Asset Management goals. AM Tech is a global organization of technologists based in the United States, London, India, and Ireland. Supporting multiple business functions in Investment Management and Advisory domain like Portfolio Management, Research & Trading. The Expertise We’re Looking For BE/MCA 14+ years of industry experience ·Experience in the financial services domain is desirable Shift timings : 11:00 am - 8:00 pm Location: Bangalore - Manyata/EGL Company Overview Fidelity Investments is one of the world's largest providers of financial services. Headquartered in Boston, US, Fidelity's goal is to make financial expertise broadly accessible and effective in helping people live the lives they want. Privately held for nearly 70 years, Fidelity employs 45,000 associates who are focused on the long-term success of our customers. FMR (Fidelity Management & Research) India is the Global Inhouse Center of Fidelity Investments. Headquartered in Bangalore, where operations commenced in 2003, FMR India has another fully functional unit in Chennai. To know more visit: https://india.fidelity.com/ Certifications: Category: Information Technology","['python', 'java', 'angular', 'sql', 'aws', 'docker', 'kubernetes']","['jenkins', 'git', 'kafka', 'ci/cd', 'devops', 'etl', 'cloud', 'saas']",14.0,,lead,"Bangalore, Karnataka",India,onsite,full-time,,Computer Science / IT,Financial Services,,,INR,Posted 12 Days Ago,True,,,,False
2124686,Associate Cybersecurity Consultant,Fidelity Investments,"Job Description: Job Title: Associate Cybersecurity Consultant The Purpose of Your Role: As a team member, you will be responsible for Provisioning under Identity and Access Management. Additional this team member should be responsible and Accountable for End User Life Cycle Management in Provisioning. This team makes sure to Implement, sustain and monitor logical access controls that enable operational effectiveness while meeting customer and business partner expectations. The Value You Deliver: You blend identity and proofing expertise with a passion for delivering results. As a team member in Provisioning Team, you will actively participate in Provisioning using the Inhouse tool and be responsible for Active Directory, Unix for Provisioning/Deprovisioning (Joiner/Mover/Leaver Process. The Skills that are Key to this role: Active Directory, Access Management Knowledge, Basic Unix Knowledge and ITIL Concepts. Candidate must be able to multitask and work with staff located domestically and offshore (India/Ireland/USA). Candidate will provide a variety of basic Information Security administration services working with a web-based request management/incident management tool. Candidate will provide services for customers in the areas of:  Access administration, creation and maintenance of group mailboxes and distribution lists, Windows Server access, Network shared folder access, AD group creation/modification/Deletion and so on. Candidate should be able to work on Unix based requests for Provisioning. Additional tasks could include executing and producing customer and information security reports to share with the team. Candidate will be required to be flexible and work well under pressure.  This individual will be asked to rotate around the group and fit in to assist where the work volumes increase. Candidate should be able to identify automation opportunities. Candidate should be able to troubleshoot access related issues. Candidate should be able to Learn and able to add value to the team and bring innovative ideas. The Skills that are Good to Have for this role Strong customer focus. Strong communication, analytical and problem-solving skills. Have a knowledge of NT and Active Directory background. Manage own time and work with minimal supervision. Ability to work effectively in a team environment with both technical and non-technical people. Communicate with peers and management. The Expertise We’re Looking For: College degree in computer systems related discipline, or similar work experience preferred. · Prior Identity Access Management experience would be ideal. · Prior knowledge on Active Directory, ServiceNow, Putty · 0-2 Years of experience in Access Management. · Database, Power shell querying, ITIL and reporting experience would be a PLUS. How Your Work Impacts the Organization Fidelity is rated as one of the most trusted brands in the US Financial industry and “Enterprise Cyber Security (ECS)” is one of the key contributors. Protecting customer’s assets is amongst the top priorities of Fidelity and ECS is entrusted with engaging into initiatives to protect Fidelity’s information against diverse cyber threats. It’s a dynamic organization with highly experienced and competent team with organization & operations aligned with NIST Cyber Security Framework. Team is focused on managing both classical as well evolving risk areas through an optimal combination of People, Process and Technology. Its operations span across the globe to have 24*7 protections to Fidelity’s assets. Location: Bangalore Shift timings: 11:00 am - 8:00 pm Certifications: Category: Information Technology",['servicenow'],[],0.0,2.0,lead,"Bangalore, Karnataka",India,onsite,full-time,,Computer Science / IT,Financial Services,,,INR,Posted Today,True,,,,False
116843210315047622-technical-program-manager-cloud-supply-chain-analytics?location=India,"Technical Program Manager, Cloud, Supply Chain Analytics",Google,"Technical Program Manager, Cloud, Supply Chain Analytics corporate_fare Google place Bengaluru, Karnataka, India bar_chart Mid Mid Experience driving progress, solving problems, and mentoring more junior team members; deeper expertise and applied knowledge within relevant area. Google | Bengaluru, Karnataka, India Minimum qualifications Bachelor's degree in a technical field or equivalent practical experience. 2 years of experience in program management. Experience managing projects in a technical or software engineering environment. Learn more share link Copy link email Email a friend",['cloud'],[],2.0,,lead,Bengaluru,India,onsite,full-time,Bachelors,Computer Science / IT,Technology,,,INR,2026-03-27,True,,,,False
108773088635560646-silicon-emulation-engineer-google-cloud?location=India,"Silicon Emulation Engineer, Google Cloud",Google,"Silicon Emulation Engineer, Google Cloud corporate_fare Google place Bengaluru, Karnataka, India bar_chart Mid Mid Experience driving progress, solving problems, and mentoring more junior team members; deeper expertise and applied knowledge within relevant area. Google | Bengaluru, Karnataka, India Minimum qualifications Bachelor's degree or equivalent practical experience. 5 years of experience with full-chip/SoC verification (e.g., test definition, creation, execution, and debug). Experience developing full-chip/SoC tests using the environments/tools (e.g., ASM, C, C++, Perspec, OS, or drivers). Experience with industry standard emulator technologies (e.g., HAPS, Zebu, Veloce, or Palladium) ranging from build tools to advanced capabilities (e.g. power aware emulation). Experience with execution and RTL/firmware/software debug on hardware emulation (e.g., ZeBu Server, Palladium, Veloce) or FPGA (e.g., Xilinx, Altera). Learn more share link Copy link email Email a friend",['cloud'],[],5.0,,senior,Bengaluru,India,onsite,full-time,Bachelors,,Technology,,,INR,2026-03-27,True,,,,False
144041296875397830-core-gtm-product-specialist-google-play?location=India,"Core GTM Product Specialist, Google Play",Google,"Core GTM Product Specialist, Google Play corporate_fare Google place Bengaluru, Karnataka, India bar_chart Mid Mid Experience driving progress, solving problems, and mentoring more junior team members; deeper expertise and applied knowledge within relevant area. Google | Bengaluru, Karnataka, India Minimum qualifications Bachelor's degree or equivalent practical experience. 8 years of experience in a product management, product specialist, or similar role working with product in an online commerce or content business. Experience working in an e-commerce, gaming, or apps digital content business. Learn more share link Copy link email Email a friend",[],[],8.0,,senior,Bengaluru,India,onsite,full-time,Bachelors,Finance / Commerce,Technology,,,INR,2026-03-27,True,,,,False
72640550976529094-data-center-facilities-technician-i-electrical?location=India,"Data Center Facilities Technician I, Electrical",Google,"Data Center Facilities Technician I, Electrical corporate_fare Google place Mumbai, Maharashtra, India bar_chart Early Early Experience completing work as directed, and collaborating with teammates; developing knowledge of relevant concepts and processes. Google | Mumbai, Maharashtra, India Minimum qualifications Associate's degree, trade school certification, or other certified training in a related technical field, or equivalent practical experience. 2 years of experience in maintenance of electrical distribution systems or construction/technical environments or a related field. 2 years of electrical experience (e.g., operations and maintenance of electrical distribution or testing, and commissioning) in facilities such as data centers, hospitals, pharma, semiconductor, refineries, power plants, or industrial environments. Ability to work non-standard hours and work rotations/shifts. Learn more share link Copy link email Email a friend",[],[],2.0,,junior,Mumbai,India,onsite,full-time,Masters,Electrical / Electronics,Technology,,,INR,2026-03-27,True,,,,False
90223430363685574-data-engineer?location=India,Data Engineer,Google,"Data Engineer corporate_fare Google place Bengaluru, Karnataka, India bar_chart Mid Mid Experience driving progress, solving problems, and mentoring more junior team members; deeper expertise and applied knowledge within relevant area. Google | Bengaluru, Karnataka, India Minimum qualifications Bachelor's degree in Computer Science, Mathematics, a related field, or equivalent practical experience. 3 years of experience with data processing software (e.g., Hadoop, Spark, Pig, Hive) and algorithms (e.g., MapReduce, Flume). Experience managing client-facing projects, troubleshooting technical issues, and working with engineering and sales services teams. Experience with database administration techniques or data engineering, as well as writing software in Java, C++, Python, Go, or JavaScript. Learn more share link Copy link email Email a friend","['python', 'java', 'javascript']","['hadoop', 'spark', 'go', 'data engineering']",3.0,,senior,Bengaluru,India,onsite,full-time,Bachelors,Computer Science / IT,Technology,,,INR,2026-03-27,True,,,,False
125021754685825734-silicon-senior-uarchrtl-engineer-google-cloud?location=India,"Silicon Senior uArch/RTL Engineer, Google Cloud",Google,"Silicon Senior uArch/RTL Engineer, Google Cloud corporate_fare Google place Bengaluru, Karnataka, India bar_chart Mid Mid Experience driving progress, solving problems, and mentoring more junior team members; deeper expertise and applied knowledge within relevant area. Google | Bengaluru, Karnataka, India Minimum qualifications Bachelor's degree in Electrical Engineering, Computer Engineering, Computer Science, or a related field, or equivalent practical experience. 8 years of experience in Application-Specific Integrated Circuit/System on a chip (ASIC/SoC) development with Verilog/SystemVerilog. Experience in micro-architecture and design of IPs and Subsystems. Experience in ASIC design verification, synthesis, timing/power analysis, and Design for Testing (DFT). Learn more share link Copy link email Email a friend",['cloud'],[],8.0,,lead,Bengaluru,India,onsite,full-time,Bachelors,Computer Science / IT,Technology,,,INR,2026-03-27,True,,,,False
101665687096697542-product-technology-manager-tools-automation-and-infrastructure?location=India,"Product Technology Manager, Tools Automation and Infrastructure",Google,"Product Technology Manager, Tools Automation and Infrastructure corporate_fare Google place Hyderabad, Telangana, India bar_chart Mid Mid Experience driving progress, solving problems, and mentoring more junior team members; deeper expertise and applied knowledge within relevant area. Google | Hyderabad, Telangana, India Minimum qualifications Bachelor’s degree or equivalent practical experience. 3 years of experience troubleshooting technical issues for internal/external partners or customers. Experience in either system design or reading code (e.g., Java, C++, Python). Learn more share link Copy link email Email a friend",['python'],['java'],3.0,,junior,Hyderabad,India,onsite,internship,Bachelors,,Technology,,,INR,2026-03-27,True,,,,False
74939955737961158-software-engineer-iii-google-cloud?location=India,"Software Engineer III, Google Cloud",Google,"Software Engineer III, Google Cloud corporate_fare Google place Bengaluru, Karnataka, India ; Hyderabad, Telangana, India bar_chart Mid Mid Experience driving progress, solving problems, and mentoring more junior team members; deeper expertise and applied knowledge within relevant area. Google | Bengaluru, Karnataka, India ; Hyderabad, Telangana, India Minimum qualifications Bachelor’s degree or equivalent practical experience. 2 years of experience with software development in one or more programming languages, or 1 year of experience with an advanced degree. Learn more share link Copy link email Email a friend",['cloud'],[],2.0,,senior,Bengaluru,India,onsite,full-time,Bachelors,,Technology,,,INR,2026-03-27,True,,,,False
138728877596779206-engineering-analyst-trust-and-safety-gemini-and-labs?location=India,"Engineering Analyst, Trust and Safety, Gemini and Labs",Google,"Engineering Analyst, Trust and Safety, Gemini and Labs corporate_fare Google place Bengaluru, Karnataka, India bar_chart Mid Mid Experience driving progress, solving problems, and mentoring more junior team members; deeper expertise and applied knowledge within relevant area. Google | Bengaluru, Karnataka, India Minimum qualifications Bachelor's degree or equivalent practical experience. 2 years of experience with SQL, Python, or C++, analytics and automation. 2 years of experience in data analysis, including identifying trends, generating summary statistics, and drawing insights from quantitative and qualitative data. Learn more share link Copy link email Email a friend",['python'],['sql'],2.0,,senior,Bengaluru,India,onsite,full-time,Bachelors,Data Science / Statistics,Technology,,,INR,2026-03-27,True,,,,False
120893751022232262-product-data-scientist-manager-play-apps?location=India,"Product Data Scientist Manager, Play Apps",Google,"Product Data Scientist Manager, Play Apps corporate_fare Google place Bengaluru, Karnataka, India bar_chart Advanced Advanced Experience owning outcomes and decision making, solving ambiguous problems and influencing stakeholders; deep expertise in domain. Google | Bengaluru, Karnataka, India Minimum qualifications Bachelor's degree in Statistics, Mathematics, Data Science, Engineering, Physics, Economics, or a related quantitative field. 10 years of experience using analytics to solve product or business problems, performing statistical analysis, and coding (e.g., Python, R, SQL) or 8 years of experience with an advanced degree. 3 years of experience as a people manager within a technical leadership role. Learn more share link Copy link email Email a friend",['python'],"['sql', 'r']",10.0,,lead,Bengaluru,India,onsite,full-time,Bachelors,Finance / Commerce,Technology,,,INR,2026-03-27,True,,,,False
9553955,India,HCL Technologies,,[],[],,,mid,India,India,onsite,full-time,,,IT Services & Consulting,,,INR,2026-03-27,True,,,,False
javascript:;,Clear all,IBM,Filter by Clear all Search 1 – 0 of 0 items Items per page: 10 Items per page: 20 Items per page: 30 Most Relevant Newest To Oldest Oldest to Newest Title A-Z Title Z-A Experience level: India Clear all [] 0 results Can't find a job that would be a good fit? Join our talent network or set up a job alert and we'll keep you up to date with career opportunities and stories that match your interests. Reset Items per page: 10 Items per page: 20 Items per page: 30 1 – 0 of 0 items,[],[],,,mid,India,India,onsite,full-time,,,Technology / IT Services,,,INR,2026-03-21,True,,,,False
223992,Senior Manager - Change & Project Management (HR),L'Oreal,,[],[],,,,Mumbai,India,,,,,,,,INR,2026-03-27,True,,,,False
230152,"SENIOR MANAGER - MARKETING, LUXE",L'Oreal,,[],[],,,,Mumbai,India,,,,,,,,INR,2026-03-27,True,,,,False
226562,"Key Accounts Manager, Professional Products Division",L'Oreal,,"['Expertise based trust building, Account management, Business relationship management, Category Growth management, Customer/Retailer Value proposition, Engaging selling to customers/retailers, Joint Business Plan Design, Negotiation, Adapted Communication, Budget Management']",[],,,,Mumbai,India,,,,,,,,INR,2026-03-27,True,,,,False
232428,ITBM Manager - India Tech Hub,L'Oreal,,[],[],,,,Hyderabad (Telangana),India,,,,,,,,INR,2026-03-27,True,,,,False
219543,"Senior Manager - E-Commerce, Consumer Products Division",L'Oreal,,[],[],,,,Mumbai,India,,,,,,,,INR,2026-03-27,True,,,,False
209883,Data Product Manager – Data Engineering & Data Science,L'Oreal,,[],[],,,,Mumbai,India,,,,,,,,INR,2026-03-27,True,,,,False
230168,"Senior Manager- E-Commerce, L'Oréal Dermatological Products Division",L'Oreal,,[],[],,,,Mumbai,India,,,,,,,,INR,2026-03-27,True,,,,False
231931,Senior Manager- VAS (Value Added Services ),L'Oreal,,[],[],,,,Mumbai,India,,,,,,,,INR,2026-03-27,True,,,,False
R-270551,"Senior Engineer, Machine Learning Engineering-1",Mastercard,"Our Purpose Mastercard powers economies and empowers people in 200+ countries and territories worldwide. Together with our customers, we’re helping build a sustainable economy where everyone can prosper. We support a wide range of digital payments choices, making transactions secure, simple, smart and accessible. Our technology and innovation, partnerships and networks combine to deliver a unique set of products and services that help people, businesses and governments realize their greatest potential. Title and Summary Senior Engineer, Machine Learning Engineering-1 Mastercard’s Business & Market Insights (B&MI) group empowers organizations to achieve growth & innovation goals by providing unparalleled data-driven insights and advanced analytics. By leveraging proprietary data and global expertise, B&MI helps businesses make smarter, more informed decisions that drive profitability and success. We turn complex data into actionable strategies that lead to better outcomes and sustained competitive advantage. We are currently looking for a ‘Lead Engineer, Machine Learning Engineering’ for Operational Intelligence Program, within B&MI group. This role will lead ML engineering team to execute on AI/ML strategy for the program that enables business growth, enhances customer experience, and ensures delivery of secure, scalable, and high-performing software solutions. As a technology leader, this role will also focus on engineering best practices, next gen innovation and stakeholder management, while fostering a culture of continuous learning and technical excellence within the team. Roles and Responsibilities: •	Implement multi-agent intelligence frameworks (LangGraph, CrewAI, AutoGen) to enable reasoning, coordination, and adaptive decision-making across specialized AI agents. •	Design and operationalize multi-modal AI pipelines combining text, image, tabular, and graph data using transformer-based architectures (BERT, CLIP, LLaVA, T5, Whisper, etc.) for unified intelligence. •	Build scalable RAG and Graph-RAG systems integrating vector stores and knowledge graphs (Neo4j, AWS Neptune) to enable contextual retrieval, semantic linking, and entity-aware reasoning. •	Develop and productionize transformer-based models for NLP, vision-language understanding, and sequential prediction tasks leveraging Hugging Face, PyTorch, and TensorFlow ecosystems. •	Implement advanced Python-based backend services for inference orchestration, async job handling, and distributed data workflows supporting high-throughput AI operations. •	Establish end-to-end LLMOps and MLOps pipelines on Databricks (AWS) integrating MLflow, feature stores, model lineage, prompt evaluation, and continuous retraining frameworks. •	Apply traditional AI/ML and statistical modeling techniques (regression, clustering, forecasting, ensemble methods) alongside deep learning models for hybrid interpretability and explainability. •	Engineer state and memory management subsystems that preserve context, track embeddings, and enable agents to reason temporally across multiple modalities and interactions. •	Implement Responsible AI practices—bias detection, explainability dashboards, data ethics checks, and performance governance ensuring fairness and transparency of deployed models. •	Continuously research, benchmark, and productionize innovations in multimodal transformers, generative modeling, and agentic orchestration to drive enterprise-scale intelligence and automation. All About You: •	Master’s/bachelor’s degree in computer science or engineering, and a considerable work experience with a proven track-record of successfully leading and managing complex projects/products and delivering to aggressive market needs. •	Expert-level hands on experience designing, building and deploying both conventional AI/ML solutions and LLM/Agentic solutions. •	Strong analytical and problem-solving abilities, with quick adaptation to new technologies, methodologies, and systems. •	Strong applied knowledge and hands on experience in advanced statistical techniques, predictive modelling, machine learning algorithms, GenAI and deep learning frameworks. Experience with AI and machine learning platforms such as TensorFlow, PyTorch, or similar. •	Strong programming skills in languages such as Python/SQL is a must. Experience with data visualization tools (e.g., Tableau, Power BI) and understanding of cloud computing services (AWS, Azure, GCP) related to data processing and storage is a plus. Corporate Security Responsibility All activities involving access to Mastercard assets, information, and networks comes with an inherent risk to the organization and, therefore, it is expected that every person working for, or on behalf of, Mastercard is responsible for information security and must: Abide by Mastercard’s security policies and practices; Ensure the confidentiality and integrity of the information being accessed; Report any suspected information security violation or breach, and Complete all periodic mandatory security trainings in accordance with Mastercard’s guidelines.","['python', 'sql', 'aws', 'azure', 'gcp', 'machine learning']","['deep learning', 'nlp', 'tableau', 'power bi', 'databricks', 'cloud']",,,lead,"Pune, India",India,hybrid,full-time,Masters,Computer Science / IT,Financial Technology / Payments,,,INR,Posted 7 Days Ago,True,,,,False
R-272885,Accountant HRB Accounting,Mastercard,"Our Purpose Mastercard powers economies and empowers people in 200+ countries and territories worldwide. Together with our customers, we’re helping build a sustainable economy where everyone can prosper. We support a wide range of digital payments choices, making transactions secure, simple, smart and accessible. Our technology and innovation, partnerships and networks combine to deliver a unique set of products and services that help people, businesses and governments realize their greatest potential. Title and Summary Accountant HRB Accounting Overview The Accountant is responsible for managing expense recording and reconciling to enable accurate, reliable, and timely reporting of financial statements and other financial data. This individual will ensure that team targets and KPIs are met and/or exceeded and will support operational excellence and continuous improvement initiatives. This position has certain responsibilities related to global process governance, primarily through the oversight of transaction processing and validation. The position also has responsibility for providing information support for and review of business analysis, as well as for first level interaction with other GBSC and business unit teams during issue identification and resolution. Responsibilities • Prepare monthly journal entries in accordance with U.S. GAAP • Monitor accounting for agreements for compliance with MasterCard's policies, procedures, and related accounting literature • Prepare balance sheet account reconciliations related to Payroll and Benefit expense accounting. • Adheres to the monthly and year end close schedules and perform monthly expense reporting. • Provides insight into Payroll and Benefits expense accounting activity through preparation of management reporting, variance analysis, and ad-hoc analysis • Performs ongoing documentation and procedures maintenance as required. • Works to continuously improve expense processes; recognizes opportunities for improvement and develops actions plans to implement them • Represents GBSC on cross-functional project teams in support of initiatives with impact to the expense accounting process, identifies issues and develops recommendations for resolution, monitoring and reporting on progress • Provides Expense customer service support to help resolve issues in a timely manner • Drives front line interaction with other GBSC teams and internal business units in support of identification and resolution of processing issues. • Participate in SOX testing and internal and external audits and respond to requests timely and appropriately Experience • Bachelor’s degree in Accounting or Finance • CA/CWA /MBA preferred • Systems experience with Oracle, Blackline ,Reconciliation tools • Prior related work experience, with payroll and benefits accounting preferred. Knowledge of expense accounting and management processes and systems. • Experience in shared services/internal service delivery role a plus • Experience as a team member on project development/implementation teams a plus • Solid understanding of generally accepted accounting principles and procedures • Strong analytical and problem-solving skills • Excellent time management and organizational skills • Customer service skills (communication with customers and process partners) • Excellent spreadsheet and word processing skills (Excel and Word preferred) Corporate Security Responsibility All activities involving access to Mastercard assets, information, and networks comes with an inherent risk to the organization and, therefore, it is expected that every person working for, or on behalf of, Mastercard is responsible for information security and must: Abide by Mastercard’s security policies and practices; Ensure the confidentiality and integrity of the information being accessed; Report any suspected information security violation or breach, and Complete all periodic mandatory security trainings in accordance with Mastercard’s guidelines.",['oracle'],['excel'],,,junior,"Pune, India",India,onsite,internship,Masters,Finance / Commerce,Financial Technology / Payments,,,INR,Posted 12 Days Ago,True,,,,False
R-273557,Senior Platform Architect,Mastercard,"Our Purpose Mastercard powers economies and empowers people in 200+ countries and territories worldwide. Together with our customers, we’re helping build a sustainable economy where everyone can prosper. We support a wide range of digital payments choices, making transactions secure, simple, smart and accessible. Our technology and innovation, partnerships and networks combine to deliver a unique set of products and services that help people, businesses and governments realize their greatest potential. Title and Summary Senior Platform Architect Who is Mastercard? Mastercard is a global technology company in the payments industry. Our mission is to connect and power an inclusive, digital economy that benefits everyone, everywhere by making transactions safe, simple, smart, and accessible. Using secure data and networks, partnerships and passion, our innovations and solutions help individuals, financial institutions, governments, and businesses realize their greatest potential. Our decency quotient, or DQ, drives our culture and everything we do inside and outside of our company. With connections across more than 210 countries and territories, we are building a sustainable world that unlocks priceless possibilities for all. Infrastructure Design Engineering is a team of System Platform Architects and Engineers responsible for the analysis and design of the infrastructure framework to fit the application, platform or system needs in-line with MasterCard's operational standards and principles. Infrastructure Design is engaged from the beginning of the analysis and design phase to work with the application team(s) and other critical teams within Mastercard to ensure that the completed infrastructure and application architecture aligns with MasterCard’s security, scalability and availability standards. Infrastructure Design's primary deliverable is the TAD (Technical Architecture Document) which details the infrastructure design for the application, platform or system. This job requires experience in Internet fundamentals related to web servers, application servers, database servers, on-prem and off-prem Cloud, Internet and Cloud security as well as other internet technologies. This job actively performs designing and delivering Internet infrastructure solutions that satisfy program, product, service and application requirements. Have you ever worked with Microsoft Visio to design middleware infrastructure from the ground up? Having experience with Visio is a plus. Can you interface with the user(s), application team(s), etc., and all other stakeholders in order to determine their (evolving) needs and requirements? Can you generate the highest level of system requirements, based on the given requirements and other constraints? Can you ensure that this set of high-level requirements is consistent, complete, correct, and operationally defined? Role Generating requirements, together with other architects, engineers, application team(s) and user(s), to determine that all of the high-level requirements have been met. Generating products such as TADs, technical documents, logical flows, and models to keep the user(s), architects and the engineers constantly up to date and in agreement on the application, system or platform to be provided as it is evolving. Ensuring that all architectural products and products with architectural input are maintained in the most current state and never allowed to become obsolete. Resolve internet architectural and operational problems impacting infrastructure and product availability and performance globally. Research and evaluate new technology for possible deployment in MasterCard’s internet infrastructure. Will assume total accountability for ongoing regional projects as assigned; including responsibility for planning; time and cost control; resource utilization and implementation of Architecture. Implement, manage and support internet infrastructure components while leveraging current standards and best practices. Perform problem diagnosis; performance tuning; capacity planning and configuration management for MasterCard internet components. Assure system stability and future compatibility by monitoring production execution of all relevant systems. All About You Thorough knowledge and understanding of network, operating system principles and web middleware. Thorough knowledge in one or more core functions related to internet infrastructure design and/or web administration. Must be high-energy, proactive, detail-oriented and able to function under pressure in an independent environment. Must have a high degree of initiative and self-motivation and demonstrate the ability to drive results. Strong communication skills both verbal and written and strong relationship and collaborative skills and organizational skills with the ability to work as a member of matrix based diverse and geographically distributed project team. Willingness and ability to learn and take on challenging opportunities is critical. Corporate Security Responsibility Every person working for, or on behalf of, Mastercard is responsible for information security. All activities involving access to Mastercard assets, information, and networks comes with an inherent risk to the organization and therefore, it is expected that the successful candidate for this position must: Abide by Mastercard’s security policies and practices Ensure the confidentiality and integrity of the information being accessed Report any suspected information security violation or breach, and Complete all periodic mandatory security trainings in accordance with Mastercard’s guidelines. Corporate Security Responsibility All activities involving access to Mastercard assets, information, and networks comes with an inherent risk to the organization and, therefore, it is expected that every person working for, or on behalf of, Mastercard is responsible for information security and must: Abide by Mastercard’s security policies and practices; Ensure the confidentiality and integrity of the information being accessed; Report any suspected information security violation or breach, and Complete all periodic mandatory security trainings in accordance with Mastercard’s guidelines.",['cloud'],[],,,junior,"Pune, India",India,onsite,internship,Masters,Electrical / Electronics,Financial Technology / Payments,,,INR,Posted Today,True,,,,False
R-271908,"Lead, Big Data Analytics & Engineering",Mastercard,"Our Purpose Mastercard powers economies and empowers people in 200+ countries and territories worldwide. Together with our customers, we’re helping build a sustainable economy where everyone can prosper. We support a wide range of digital payments choices, making transactions secure, simple, smart and accessible. Our technology and innovation, partnerships and networks combine to deliver a unique set of products and services that help people, businesses and governments realize their greatest potential. Title and Summary Lead, Big Data Analytics & Engineering Job Description Summary – Lead, Data Engineering Who is Mastercard? Mastercard is a global technology company in the payments industry. Our mission is to connect and power an inclusive, digital economy that benefits everyone, everywhere by making transactions safe, simple, smart, and accessible. Using secure data and networks, partnerships, and passion, our innovations and solutions help individuals, financial institutions, governments, and businesses realize their greatest potential. Our decency quotient, or DQ, drives our culture and everything we do inside and outside of our company. With connections across more than 210 countries and territories, we are building a sustainable world that unlocks priceless possibilities for all. ________________________________________ About the Role The Lead, Data Engineering role focuses on data engineering and data unification across diverse enterprise data assets, enabling a single, trusted, and scalable view of data from multiple internal and external sources. This role plays a critical part in supporting the development of innovative, data driven products, services, and actionable insights—particularly in the context of Value Quantification, cyber, and analytics led solutions. As a technical lead, you will provide hands on engineering leadership while partnering closely with Product Management, Data Science, Platform Strategy, and Technology teams to design and deliver high impact data solutions that generate measurable business value. ________________________________________ The Role We are seeking a Lead, Big Data Analytics & Engineering who will: Data Engineering & Platform Leadership •	Lead the ingestion, aggregation, transformation, and processing of large scale data sets to enable advanced analytics, insights, and downstream consumption. •	Design, build, and maintain robust, scalable data pipelines across Hadoop and enterprise data platforms, ensuring data quality, reliability, and performance. •	Drive data unification initiatives, integrating multiple structured and semi structured data sources into a cohesive analytical foundation. Cross Functional Collaboration •	Partner with Product Managers, Data Science, Platform Strategy, and Technology teams to understand data requirements and translate them into scalable engineering solutions. •	Act as a technical bridge between business, analytical, and engineering teams, clearly articulating solution design, trade offs, and implementation approaches. Advanced Analytics Enablement •	Manipulate and analyze high volume, high velocity, high dimensional data using modern big data frameworks and analytical techniques. •	Analyze large volumes of transactional and product data to generate insights and actionable recommendations that support business growth and value realization. •	Apply metrics, measurements, and benchmarking techniques to evaluate solution effectiveness and inform continuous improvement. Innovation & Value Creation •	Identify innovative opportunities and deliver proofs of concept, prototypes, and pilots aligned to current and future business needs. •	Integrate new and emerging data assets that enhance existing platforms, products, and services and strengthen customer value propositions. •	Collect and synthesize feedback from clients, development, product, and sales teams to inform new solutions and product enhancements. Technical Leadership & Mentorship •	Provide technical guidance and mentorship to other data engineers and analysts, setting standards for engineering quality, scalability, and maintainability. •	Promote best practices in data modeling, pipeline design, performance optimization, and data governance. ________________________________________ All About You Technical Skills & Experience •	Strong proficiency in Python, including Pandas, NumPy, PySpark, and experience with Impala. •	Hands on experience performing data extraction, analysis, and processing on Hadoop based platforms. •	Strong SQL skills and experience working with large scale relational and distributed data stores. •	Experience with enterprise data platforms and business intelligence ecosystems. •	Hands on experience with ETL / ELT and data integration tools such as Airflow, Apache NiFi, Azure Data Factory, Pentaho, or Talend. •	Experience with data modeling, querying, data mining, and reporting over large volumes of granular data. •	Exposure to machine learning concepts and analytical techniques used in advanced data solutions. •	Experience with Graph Databases is a plus. •	8+ years of experience in data engineering, big data analytics, or enterprise data platforms, with at least 2+ years in a technical leadership or lead role. •	Experience working with cloud-based data platforms (Azure, AWS, or GCP), including data lakes, distributed compute, and storage services. •	Experience implementing CI/CD pipelines and DevOps practices for data engineering workflows. Analytical & Business Acumen •	Experience collecting, standardizing, and summarizing diverse data sets, identifying patterns, inconsistencies, and data quality issues. •	Strong understanding of how analytical methods and data visualization support business decision making. •	Ability to understand complex operational systems and deliver analytics and information products to a large, global user base. Ways of Working •	Comfortable working in a fast paced, deadline driven environment, both as an individual contributor and a technical lead. •	Ability to seamlessly move between business, analytical, and technical contexts, articulating requirements and solutions to diverse audiences. •	Demonstrates Mastercard’s DQ values, with a collaborative, inclusive, and customer centric mindset. Corporate Security Responsibility All activities involving access to Mastercard assets, information, and networks comes with an inherent risk to the organization and, therefore, it is expected that every person working for, or on behalf of, Mastercard is responsible for information security and must: Abide by Mastercard’s security policies and practices; Ensure the confidentiality and integrity of the information being accessed; Report any suspected information security violation or breach, and Complete all periodic mandatory security trainings in accordance with Mastercard’s guidelines.","['python', 'sql', 'aws', 'azure', 'gcp', 'machine learning']","['hadoop', 'airflow', 'ci/cd', 'devops', 'data engineering', 'etl', 'cloud']",8.0,,junior,"Pune, India",India,onsite,internship,Masters,Electrical / Electronics,Financial Technology / Payments,,,INR,Posted 5 Days Ago,True,,,,False
R-271432,"Analyst, Analytics & Metrics",Mastercard,"Our Purpose Mastercard powers economies and empowers people in 200+ countries and territories worldwide. Together with our customers, we’re helping build a sustainable economy where everyone can prosper. We support a wide range of digital payments choices, making transactions secure, simple, smart and accessible. Our technology and innovation, partnerships and networks combine to deliver a unique set of products and services that help people, businesses and governments realize their greatest potential. Title and Summary Analyst, Analytics & Metrics Job Description Summary Overview of Services Mastercard's professional Services arm is focused on driving value beyond payment transactions. We harness the power of our transaction data, deep payments expertise and vast network of merchant and FI partners to offer holistic solutions to our customers. Our solutions comprise consulting; data insights; marketing services; loyalty and analytics platforms; and more. Discover more at www.mastercardservices.com/en. Insights and Enablement team strives to drives smarter decisions and operational excellence for Services, by leveraging data and technology. About the Role As a Revenue Assurance and Business Transformation professional, you are expected to: • Develop a strong understanding of our business environment • Engage with Services business teams and act as an Internal Consulting partner to understand pain-points related to their business model and operational processes • Identify solutions to the pain-points using logical thinking, problem solving skills and leveraging better use of data & technology • Where appropriate, identify processes that can be Centralized and conceptualize new operating model and migration plan • Develop design documentation e.g. SOPs, system requirements, user journey maps etc. • Ensure successful implementation with disciplined Program management and Change management efforts, in collaboration with key stakeholders • Monitor process KPIs and drive continuous efficiency improvements using system enhancements, tactical automation or process changes All about you - Experience in driving business transformation / digital transformation preferably for B2B services organizations - Experience in business consulting or in dealing with unstructured situations and applying first principles thinking for problem solving - 3 to 4 years of experience, with an undergraduate or master's degree - Strong project management, stakeholder management and communication skills - Exposure to any of these domains is preferred though not essential – B2B Sales processes, Sales productivity tools (e.g. Salesforce); Data visualization and reporting platforms (e.g. Tableau) etc. Corporate Security Responsibility All activities involving access to Mastercard assets, information, and networks comes with an inherent risk to the organization and, therefore, it is expected that every person working for, or on behalf of, Mastercard is responsible for information security and must: Abide by Mastercard’s security policies and practices; Ensure the confidentiality and integrity of the information being accessed; Report any suspected information security violation or breach, and Complete all periodic mandatory security trainings in accordance with Mastercard’s guidelines.",['tableau'],['salesforce'],3.0,4.0,junior,"Gurgaon, India",India,onsite,internship,Masters,Business / Management,Financial Technology / Payments,,,INR,Posted Today,True,,,,False
R-270244,Senior BizOps Engineer,Mastercard,"Our Purpose Mastercard powers economies and empowers people in 200+ countries and territories worldwide. Together with our customers, we’re helping build a sustainable economy where everyone can prosper. We support a wide range of digital payments choices, making transactions secure, simple, smart and accessible. Our technology and innovation, partnerships and networks combine to deliver a unique set of products and services that help people, businesses and governments realize their greatest potential. Title and Summary Senior BizOps Engineer Global Risk and Compliance BizOps team is looking for a Site Reliability Engineer who can help us solve problems, build our CI/CD pipeline and lead Mastercard in DevOps automation and best practices. • Are you a born problem solver who loves to figure out how something works? • Are you a CI/CD geek who loves all things automation? • Do you have a low tolerance for manual work and look to automate everything you can? Business Operations is leading the DevOps transformation at Mastercard through our tooling and by being an advocate for change & standards throughout the development, quality, release, and product organizations. We need team members with an appetite for change and pushing the boundaries of what can be done with automation. Experience in working across development, operations, and product teams to prioritize needs and to build relationships is a must. Mission The role of business operations is to be the production readiness steward for the platform. This is accomplished by closely partnering with developers to design, build, implement, and support technology services. A business operations engineer will ensure operational criteria like system availability, capacity, performance, monitoring, self-healing, and deployment automation are implemented throughout the delivery process. Business Operations plays a key role in leading the DevOps transformation at Mastercard through our tooling and by being an advocate for change and standards throughout the development, quality, release, and product organizations. We accomplish this transformation through supporting daily operations with a hyper focus on triage and then root cause by understanding the business impact of our products. The goal of every BizOps team is to shift left to be more proactive and upfront in the development process, and to proactively manage production and change activities to maximize customer experience and increase the overall value of supported applications. BizOps teams also focus on risk management by tying all our activities together with an overarching responsibility for compliance and risk mitigation across all our environments. BizOps focus is also on streamlining and standardizing traditional application specific support activities and centralizing points of interaction for both internal and external partners by communicating effectively with all key stakeholders. Ultimately, the role of BizOps is to align Product and Customer Focused priorities with Operational needs. We regularly review our run state not only from an internal perspective but also understanding and providing the feedback loop to our development partners on how we can improve the customer experience of our applications. Responsibilities • Engage in and improve the whole lifecycle of services—from inception and design, through deployment, operation, and refinement. • Analyze ITSM activities of the platform and provide feedback loop to development teams on operational gaps or resiliency concerns • Support services before they go live through activities such as system design consulting, capacity planning and launch reviews. • Maintain services once they are live by measuring and monitoring availability, latency, and overall system health. • Scale systems sustainably through mechanisms like automation and evolve systems by pushing for changes that improve reliability and velocity. • Support the application CI/CD pipeline for promoting software into higher environments through validation and operational gating, and lead Mastercard in DevOps automation and best practices. • Practice sustainable incident response and blameless postmortems. • Take a holistic approach to problem solving, by connecting the dots during a production event thru the various technology stack that makes up the platform, to optimize mean time to recover • Work with a global team spread across tech hubs in multiple geographies and time zones • Share knowledge and mentor junior resources Qualifications • BS degree in Computer Science or related technical field involving coding (e.g., physics or mathematics), or equivalent practical experience. • Experience with algorithms, data structures, scripting, pipeline management, and software design. • working experience with RSA Archer 6.5 and above • Hands on experience with understanding custom objects using JavaScript, HTML5, CSS and API integrations. • Systematic problem-solving approach, coupled with strong communication skills and a sense of ownership and drive. • Ability to help debug and optimize code and automate routine tasks. • We support many different stakeholders. Experience in dealing with difficult situations and making decisions with a sense of urgency is needed. • Experience in one or more of the following is preferred: C, C++, Java, Python, Go, Perl, or Ruby. • Interest in designing, analysing and troubleshooting large-scale distributed systems. • We need team members with an appetite for change and pushing the boundaries of what can be done with automation. Experience in working across development, operations, and product teams to prioritize needs and to build relationships is a must. • Experience in industry standard CI/CD tools like Git/Bitbucket, Jenkins, Maven, Artifactory, and Chef. Experience designing and implementing an effective and efficient CI/CD flow that gets code from dev to prod with high quality and minimal manual effort is desired. Corporate Security Responsibility All activities involving access to Mastercard assets, information, and networks comes with an inherent risk to the organization and, therefore, it is expected that every person working for, or on behalf of, Mastercard is responsible for information security and must: Abide by Mastercard’s security policies and practices; Ensure the confidentiality and integrity of the information being accessed; Report any suspected information security violation or breach, and Complete all periodic mandatory security trainings in accordance with Mastercard’s guidelines.","['python', 'java', 'javascript', 'jenkins']","['git', 'go', 'ci/cd', 'devops', 'api']",,,junior,"Pune, India",India,onsite,internship,Masters,Computer Science / IT,Financial Technology / Payments,,,INR,Posted 17 Days Ago,True,,,,False
R-273072,"Director, Area Marketing",Mastercard,"Our Purpose Mastercard powers economies and empowers people in 200+ countries and territories worldwide. Together with our customers, we’re helping build a sustainable economy where everyone can prosper. We support a wide range of digital payments choices, making transactions secure, simple, smart and accessible. Our technology and innovation, partnerships and networks combine to deliver a unique set of products and services that help people, businesses and governments realize their greatest potential. Title and Summary Director, Area Marketing Director, Area Marketing Who is Mastercard? Mastercard is a global technology company in the payments industry. Our mission is to connect and power an inclusive, digital economy that benefits everyone, everywhere by making transactions safe, simple, smart, and accessible. Using secure data and networks, partnerships and passion, our innovations and solutions help individuals, financial institutions, governments, and businesses realize their greatest potential. Our decency quotient, or DQ, drives our culture and everything we do inside and outside of our company. With connections across more than 210 countries and territories, we are building a sustainable world that unlocks priceless possibilities for all. Overview We are seeking a Director who will operate as a strategic extension of our GBSC marketing enablement function, partnering closely with senior regional and functional leaders to elevate how insights, performance, and strategy are communicated. This role focuses on transforming complex data, analysis, and business context into clear, compelling narratives that inform decision-making, align stakeholders, and demonstrate impact. The ideal candidate blends analytical rigor, exceptional presentation craft, financial and monetization fluency, and a strong executive presence. This role requires the ability to influence and lead conversations with SVP+ stakeholders, develop strategic frameworks, and articulate insights with clarity, polish, and confidence. Role •	Translate complex data, performance results, and business insights into crisp, high-impact narratives for executive audiences. •	Design and deliver visually compelling, executive-ready presentations that clearly articulate strategy, performance, risks, and recommendations. •	Act as a trusted thought partner to senior leaders on message architecture, presentation flow, and data-backed storytelling. •	Support leadership forums such as planning cycles, budget discussions, operating reviews, and executive leadership engagements. •	Provide flexible, on-demand narrative and presentation support across priority initiatives, enabling teams to scale impact without duplicating capabilities. •	Champion structured approaches to reporting, insight synthesis, and leadership communication to improve consistency and quality. •	Manage high-visibility executive deliverables with strong attention to detail, accuracy, and strategic alignment. •	Regularly communicate status, risks, and progress of assigned initiatives to senior stakeholders. All About You The ideal candidate for this position should have: •	Demonstrated ability to craft executive‑ready narratives using data, insights, and marketing performance results. •	Experience influencing and presenting to senior executives (SVP/EVP level). •	Strong understanding of marketing strategy, value creation, and an ability to interpret marketing monetization models. •	Expert in designing polished, compelling decks for executive audiences. •	Ability to interpret dashboards, campaign data, ROI models, and performance analytics; comfortable simplifying complexity. •	Ability to connect insights into strategic recommendations and business outcomes. •	Confident communicator who can lead discussions with senior stakeholders. •	Proven ability to work across functions, time zones, and senior levels. •	High attention to detail, strong organizational ability, and disciplined communication habits. Corporate Security Responsibility Every person working for, or on behalf of, Mastercard is responsible for information security. All activities involving access to Mastercard assets, information, and networks comes with an inherent risk to the organization and therefore, it is expected that the successful candidate for this position must: •	Abide by Mastercard’s security policies and practices; •	Ensure the confidentiality and integrity of the information being accessed; •	Report any suspected information security violation or breach, and •	Complete all periodic mandatory security trainings in accordance with Mastercard’s guidelines. Corporate Security Responsibility All activities involving access to Mastercard assets, information, and networks comes with an inherent risk to the organization and, therefore, it is expected that every person working for, or on behalf of, Mastercard is responsible for information security and must: Abide by Mastercard’s security policies and practices; Ensure the confidentiality and integrity of the information being accessed; Report any suspected information security violation or breach, and Complete all periodic mandatory security trainings in accordance with Mastercard’s guidelines.",[],[],,,lead,"Pune, India",India,onsite,full-time,Masters,Electrical / Electronics,Financial Technology / Payments,,,INR,Posted 10 Days Ago,True,,,,False
R-271669,"Director, Software Engineering",Mastercard,"Our Purpose Mastercard powers economies and empowers people in 200+ countries and territories worldwide. Together with our customers, we’re helping build a sustainable economy where everyone can prosper. We support a wide range of digital payments choices, making transactions secure, simple, smart and accessible. Our technology and innovation, partnerships and networks combine to deliver a unique set of products and services that help people, businesses and governments realize their greatest potential. Title and Summary Director, Software Engineering Overview This position supports the Authorization Decisioning product within Mastercard’s Decision Management program.  Decision Management enables faster, smarter decisioning at global scale by structuring and applying complex business logic across the payment journey and beyond.  Authorization Decisioning orchestrates high throughput, low latency, and data-intensive processing across Decision Management’s intelligent system on behalf of a suite of market-facing products. This position is responsible for working on behalf of those market-facing products to directly and indirectly lead teams of program managers, product managers, and software engineers to deliver enhancements across the Decision Management platform.  More so than most technical management roles, this position requires a patient empathy to relate to and understand the needs of our partners and an organizational savvy to find creative and co-beneficial ways forward when the ability to execute requires coordination beyond your direct team. Role/Responsibilities: •	Drive adoption of engineering best practices, standards, and opinionated frameworks across teams. •	Lead delivery of complex, multi‑team initiatives across real‑time decisioning, rules, AI inference, data pipelines, and supporting platform services. •	Ensure systems meet strict availability, latency, scalability, security, and compliance requirements expected of global transaction platforms. •	Own operational health including SLAs, incident management •	Lead and develop multiple engineering managers and senior technical leaders, fostering a culture of accountability, innovation, and continuous learning. •	Set clear objectives, performance expectations, and growth plans aligned to Mastercard leadership and engineering frameworks. •	Acts as a multiplier, scaling impact through leaders and systems rather than direct control. •	Balances short term delivery with long term platform sustainability and modernization. •	Models strong engineering judgment, operational rigor, and customer centric thinking. •	Embodies Mastercard leadership behaviors and a culture of inclusion, ownership, and excellence. All About You •	Proficient with different application patterns to implement different types of business processes (e.g., APIs, event-driven-services, batch-services, web-applications, big data). •	Hands-on experience with data-intensive programming in Java, REST API, Microservices, Kafka, Axon, MQ, Pivotal Cloud Foundry, Jenkins, and Spring. •	Proven experience delivering high scale, low latency, highly available platforms in regulated or mission critical environments. •	Seasoned in leading teams to deliver large and complex releases on-time and budget. •	Well-versed in SDLC practices (Scrum/Kanban/SAFe) and the nuances/applicability of their use in a variety of delivery situations. •	An expert in using basic engineering principles for building and running mission critical software capabilities (security, customer experience, testing, operability, simplification, service-oriented architecture). Education • Required undergraduate degree in Computer Science or in a STEM-intensive degree program with related experience in software engineering. • Preferred graduate degree in Computer Science or Business with related experience in fintech and payments. Corporate Security Responsibility All activities involving access to Mastercard assets, information, and networks comes with an inherent risk to the organization and, therefore, it is expected that every person working for, or on behalf of, Mastercard is responsible for information security and must: Abide by Mastercard’s security policies and practices; Ensure the confidentiality and integrity of the information being accessed; Report any suspected information security violation or breach, and Complete all periodic mandatory security trainings in accordance with Mastercard’s guidelines.","['java', 'jenkins', 'scrum', 'kafka']","['rest api', 'microservices', 'api', 'cloud']",,,lead,"Pune, India",India,onsite,full-time,Masters,Computer Science / IT,Financial Technology / Payments,,,INR,Posted Today,True,,,,False
R-272418,Lead Software Engineer,Mastercard,"Our Purpose Mastercard powers economies and empowers people in 200+ countries and territories worldwide. Together with our customers, we’re helping build a sustainable economy where everyone can prosper. We support a wide range of digital payments choices, making transactions secure, simple, smart and accessible. Our technology and innovation, partnerships and networks combine to deliver a unique set of products and services that help people, businesses and governments realize their greatest potential. Title and Summary Lead Software Engineer Who is Mastercard? Mastercard is a global technology company in the payments industry. Our mission is to connect and power an inclusive, digital economy that benefits everyone, everywhere by making transactions safe, simple, smart, and accessible. Using secure data and networks, partnerships and passion, our innovations and solutions help individuals, financial institutions, governments, and businesses realize their greatest potential. Our decency quotient, or DQ, drives our culture and everything we do inside and outside of our company. With connections across more than 210 countries and territories, we are building a sustainable world that unlocks priceless possibilities for all. Overview The Dual Message Authorization team is looking for a Lead Software Engineer (Testing) to drive our customer experience strategy forward by consistently innovating and problem-solving. The ideal candidate is passionate about the customer experience journey, highly motivated, intellectually curious, analytical, and possesses an quality driven mindset. Role In this position, You will: • be an individual contributor with advanced knowledge within discipline, leading a segment of several initiatives or a larger initiative, or may formally supervise a small team • Adheres to and implements enterprise quality standards, processes and tools, and develops and implements build control strategies or QA tools/processes • Interacts with business and development teams to define test plans and schedules • Translates complex system requirements and specs into test requirements and testing methods • Identifies and implements more complex automation efforts. • Participates in requirements review and testing activities; monitors resolutions and retains documentation • Mentoring the team • Work with software developers and domain experts in designing, performing, and improving verification tests • Work collaboratively and effectively in a very fast paced environment. • Identify early defects to improve quality of the products • Follow the SDLC and STLC process with quality management and Agile tools like ALM • Proactively monitor customer insights and production issues to seek quality feedback and improve processes to enhance quality of the product/capability. • Play a crucial part in helping drive Quality to help build and ship better products. All About You • Working knowledge on Card Payment systems. [Must] • Working knowledge of payment simulation tools such as T3/similar or and ISO payment protocols (8583) & (20022) (must) [Must] • Working knowledge /Experience on different card platforms/Switch • Understanding on Unix/Linux Commands, SQL [Must] •  Knowledge of software testing life cycle [Test planning, Test design and execution, Defect Management, Test Reporting] [Must] • Hands on experience on Functional, Regression, System, UAT Testing[Must] • Any experience with TDD and/or BDD or automation testing using any of the tool like JBehave, TestNG, SOAP UI, Appium, Selenium, mobile automation tools will be added advantage. • Excellent defect finding, debugging, root cause analysis capabilities • Excellent communication skill and team handling capabilities • Experience of testing solutions for large scale deployments including large enterprises or service providers, banking or payment solutions. • Experience of working in payments application Domain. • Hands on experience of working with tools like Confluence, JIRA, and Rally. • Good at test strategy analysis systematically and delivery focused • Strong organizational and problem-solving skills with great attention to detail, critical thinking, solid communication skills. • Ability to be flexible, accountable, reliable and industrious. • Ability to manage multiple priority efforts in parallel and ensure Quality Assurance standards are followed. • High-energy, detail-oriented and proactive with the ability to function under pressure in an independent environment • Strong oral and written communication skills • Bachelor’s Degree in Computer Science or related field Corporate Security Responsibility All activities involving access to Mastercard assets, information, and networks comes with an inherent risk to the organization and, therefore, it is expected that every person working for, or on behalf of, Mastercard is responsible for information security and must: Abide by Mastercard’s security policies and practices; Ensure the confidentiality and integrity of the information being accessed; Report any suspected information security violation or breach, and Complete all periodic mandatory security trainings in accordance with Mastercard’s guidelines.","['sql', 'agile', 'linux']","['jira', 'confluence', 'selenium']",,,lead,"Pune, India",India,onsite,full-time,Masters,Computer Science / IT,Financial Technology / Payments,,,INR,Posted 13 Days Ago,True,,,,False
